NORMAL,1,0.17082721104237408,3302.0
NORMAL,1,0.17087152420071744,3401.0
NORMAL,1,0.17081388872381742,3501.0
NORMAL,1,0.17090071334982862,3602.0
NORMAL,1,0.17088235945299618,3701.0
NORMAL,1,0.17107167613150995,3801.0
NORMAL,1,0.1708113255700326,3901.0
NORMAL,1,0.17101434281151132,4002.0
NORMAL,1,0.1708524642582717,4101.0
NORMAL,1,0.17084660275123487,4201.0
NORMAL,1,0.17079503334274787,4302.0
NORMAL,1,0.17078877141413,4402.0
NORMAL,1,0.17080904724173923,4502.0
NORMAL,1,0.17080343334237158,4656.0
NORMAL,1,0.17082494347608015,4701.0
NORMAL,1,0.1708444623205188,4801.0
NORMAL,1,0.17079791161275107,4901.0
NORMAL,1,0.17082401086304794,5001.0
NORMAL,1,0.17130545360359695,2554.4799999999996
NORMAL,2,0.17488020915780186,102.0
NORMAL,2,0.17667789475384357,201.0
NORMAL,2,0.17356771075370087,301.0
NORMAL,2,0.17457876967984398,401.0
NORMAL,2,0.17191533289500865,511.0
NORMAL,2,0.17211815379018733,601.0
NORMAL,2,0.1716044386421592,701.0
NORMAL,2,0.1722349645196566,801.0
NORMAL,2,0.1714682140753564,901.0
NORMAL,2,0.17251278335770615,1001.0
NORMAL,2,0.1720953653359332,1101.0
NORMAL,2,0.1711516456251523,1223.0
NORMAL,2,0.1709454952518321,1301.0
NORMAL,2,0.17209540599774603,1401.0
NORMAL,2,0.1710149283964434,1501.0
NORMAL,2,0.1710759647974878,1601.0
NORMAL,2,0.17082841269912033,1701.0
NORMAL,2,0.17135338804170663,1802.0
NORMAL,2,0.17083703876798978,1930.0
NORMAL,2,0.17132034940118115,2001.0
NORMAL,2,0.1708929199543725,2101.0
NORMAL,2,0.1708459629649286,2201.0
NORMAL,2,0.17118946841279628,2301.0
NORMAL,2,0.17113558894833936,2402.0
NORMAL,2,0.1709637755106151,2501.0
NORMAL,2,0.17082194595244649,2641.0
NORMAL,2,0.17079993445689723,2701.0
NORMAL,2,0.17092348697999693,2801.0
NORMAL,2,0.1711692832141954,2901.0
NORMAL,2,0.17081401424881168,3001.0
NORMAL,2,0.17079635013553193,3101.0
NORMAL,2,0.17096659753916735,3201.0
NORMAL,2,0.17196604560223838,3358.0
NORMAL,2,0.17090989606262405,3401.0
NORMAL,2,0.17079285559761892,3501.0
NORMAL,2,0.1717086296100034,3601.0
NORMAL,2,0.1709854377614909,3701.0
NORMAL,2,0.17082202997089702,3801.0
NORMAL,2,0.1712389341516509,3901.0
NORMAL,2,0.17086758794209775,5239.0
NORMAL,2,0.1708397454443707,4101.0
NORMAL,2,0.17084604071849024,4201.0
NORMAL,2,0.17086063674717197,4302.0
NORMAL,2,0.17146941857563475,4401.0
NORMAL,2,0.17085714629516777,4501.0
NORMAL,2,0.17125036838247604,4601.0
NORMAL,2,0.1708360025806898,4714.0
NORMAL,2,0.17081235491801686,4801.0
NORMAL,2,0.17098563450462023,4901.0
NORMAL,2,0.1708238850704272,5001.0
NORMAL,2,0.17148936888387287,2579.26
NORMAL,3,0.1841892920034227,101.0
NORMAL,3,0.17989512013579137,201.0
NORMAL,3,0.17967917068869488,301.0
NORMAL,3,0.17562074339364625,401.0
NORMAL,3,0.17683615195649635,501.0
NORMAL,3,0.1726738632837406,601.0
NORMAL,3,0.1745200910796627,701.0
NORMAL,3,0.17301347404585016,801.0
NORMAL,3,0.17204483554564898,901.0
NORMAL,3,0.17146082743845784,1001.0
NORMAL,3,0.17117866254914346,1101.0
NORMAL,3,0.1719513216307346,1201.0
NORMAL,3,0.17138893194423396,1301.0
NORMAL,3,0.17125270961017425,1401.0
NORMAL,3,0.17075586999641604,1501.0
NORMAL,3,0.17075024014480994,1601.0
NORMAL,3,0.17074367722955827,1702.0
NORMAL,3,0.17083076367455347,1801.0
NORMAL,3,0.1733256380254007,1901.0
NORMAL,3,0.17186013352100193,2002.0
NORMAL,3,0.17094166943166383,2101.0
NORMAL,3,0.1718633949897495,2201.0
NORMAL,3,0.17079185828397284,2301.0
NORMAL,3,0.17076946321650863,2402.0
NORMAL,3,0.17090054782900296,2502.0
NORMAL,3,0.17076762505589185,2601.0
NORMAL,3,0.17101726888322524,2701.0
NORMAL,3,0.1707738073193856,2801.0
NORMAL,3,0.17086137272851634,2901.0
NORMAL,3,0.17080144875473394,3001.0
NORMAL,3,0.17074605349623218,3101.0
NORMAL,3,0.1708439472324357,3201.0
NORMAL,3,0.1708903458852738,3301.0
NORMAL,3,0.17081478991563845,3401.0
NORMAL,3,0.17075496941102292,3501.0
NORMAL,3,0.17078317231484766,3601.0
NORMAL,3,0.17085563885255545,3701.0
NORMAL,3,0.17091705277339295,3801.0
NORMAL,3,0.17095274515946993,3902.0
NORMAL,3,0.1709001210772881,4002.0
NORMAL,3,0.1707563871220095,4102.0
NORMAL,3,0.17074881589642432,4202.0
NORMAL,3,0.17102926100436802,4302.0
NORMAL,3,0.17075392895044686,4402.0
NORMAL,3,0.17077586144836,4557.0
NORMAL,3,0.1709305380766166,4602.0
NORMAL,3,0.17080390883995106,4701.0
NORMAL,3,0.1707501482248576,4801.0
NORMAL,3,0.17077387321495247,4901.0
NORMAL,3,0.17077634152439358,5001.0
NORMAL,3,0.17200035749621254,2552.3399999999992
NORMAL,4,0.1874826754048609,101.0
NORMAL,4,0.18913340280524144,201.0
NORMAL,4,0.18089653467107847,301.0
NORMAL,4,0.17833376658610267,401.0
NORMAL,4,0.17831434301531662,501.0
NORMAL,4,0.17867241927754837,602.0
NORMAL,4,0.1743722043807376,701.0
NORMAL,4,0.17511155810026657,802.0
NORMAL,4,0.17407025156526357,902.0
NORMAL,4,0.17472178860141577,1001.0
NORMAL,4,0.1714493485877502,1101.0
NORMAL,4,0.17219077030025615,1201.0
NORMAL,4,0.17182788347292793,1301.0
NORMAL,4,0.17266870466338183,1401.0
NORMAL,4,0.1716230021412415,1501.0
NORMAL,4,0.1715251032239473,1602.0
NORMAL,4,0.17116127160912314,1702.0
NORMAL,4,0.17170519717190177,1802.0
NORMAL,4,0.17150343561748982,1902.0
NORMAL,4,0.1708988217799662,2002.0
NORMAL,4,0.1713410028643645,2101.0
NORMAL,4,0.17111742071576516,2201.0
NORMAL,4,0.17101804339264878,2301.0
NORMAL,4,0.17213146649455172,2401.0
NORMAL,4,0.17168610413918894,2502.0
NORMAL,4,0.1713208544107025,2601.0
NORMAL,4,0.17083183870297147,2701.0
NORMAL,4,0.17195905095081676,2801.0
NORMAL,4,0.1708015951177252,2947.0
NORMAL,4,0.17137703984731714,3002.0
NORMAL,4,0.170841312789426,3101.0
NORMAL,4,0.1708336064340823,3201.0
NORMAL,4,0.17107135535936874,3301.0
NORMAL,4,0.17084259703082746,3401.0
NORMAL,4,0.170887328848667,3501.0
NORMAL,4,0.171060415552252,3601.0
NORMAL,4,0.17089670910359098,3701.0
NORMAL,4,0.17427446002570166,3801.0
NORMAL,4,0.17108227075767998,3901.0
NORMAL,4,0.17079872197793974,4001.0
NORMAL,4,0.1712377953326027,4102.0
NORMAL,4,0.17114557769394362,4201.0
NORMAL,4,0.17080017102798498,4302.0
NORMAL,4,0.1708116518960612,4401.0
NORMAL,4,0.17106642487694873,4501.0
NORMAL,4,0.1707762924245613,4601.0
NORMAL,4,0.17078729787946098,4701.0
NORMAL,4,0.17077723101450804,4801.0
NORMAL,4,0.17082016077410767,4901.0
NORMAL,4,0.1707818295488759,5002.0
NORMAL,4,0.17285680219920924,2552.18
NORMAL,5,0.17973799233202778,102.0
NORMAL,5,0.1752226182081409,201.0
NORMAL,5,0.17558603373167506,302.0
NORMAL,5,0.17401471469772611,401.0
NORMAL,5,0.17115624641586874,502.0
NORMAL,5,0.17170534201039825,623.0
NORMAL,5,0.17239493774795156,701.0
NORMAL,5,0.17245146145887008,801.0
NORMAL,5,0.17351263552686233,901.0
NORMAL,5,0.17180330383249043,1028.0
NORMAL,5,0.17161631795645968,1101.0
NORMAL,5,0.17128880931365292,1202.0
NORMAL,5,0.17124579430075046,1301.0
NORMAL,5,0.17090076048382835,1401.0
NORMAL,5,0.17176280791785775,1501.0
NORMAL,5,0.17078727410582245,1601.0
NORMAL,5,0.17076823543828568,1741.0
NORMAL,5,0.17086222266709336,1801.0
NORMAL,5,0.17075199712079334,1902.0
NORMAL,5,0.17096127614151155,2001.0
NORMAL,5,0.1708905195879239,2102.0
NORMAL,5,0.17085760846150447,2201.0
NORMAL,5,0.1707529002254213,2301.0
NORMAL,5,0.17174593414325132,2402.0
NORMAL,5,0.17075404330524996,2501.0
NORMAL,5,0.17080450505053565,2601.0
NORMAL,5,0.17076821850233537,2701.0
NORMAL,5,0.17104152556443974,2802.0
NORMAL,5,0.17084672181453447,2943.0
NORMAL,5,0.17095181660454678,3002.0
NORMAL,5,0.17080973636701785,3102.0
NORMAL,5,0.17077903540326378,3201.0
NORMAL,5,0.1709658760174181,3303.0
NORMAL,5,0.17115511875666717,3401.0
NORMAL,5,0.17128444448210875,3501.0
NORMAL,5,0.1707576315842654,3601.0
NORMAL,5,0.1709777091426553,3701.0
NORMAL,5,0.17101252609308554,3801.0
NORMAL,5,0.17100090656908312,3902.0
NORMAL,5,0.1708824333800143,4002.0
NORMAL,5,0.17090726267615008,4101.0
NORMAL,5,0.1710646586122822,4201.0
NORMAL,5,0.17124547676524207,4301.0
NORMAL,5,0.17075976287412648,4402.0
NORMAL,5,0.17174166274293481,4501.0
NORMAL,5,0.17075030361696109,4601.0
NORMAL,5,0.1708623526741372,4701.0
NORMAL,5,0.17080064363205882,4802.0
NORMAL,5,0.17080840622655621,4901.0
NORMAL,5,0.17074814935930777,5024.0
NORMAL,5,0.17154517343286282,2554.3999999999996
NORMAL,6,0.18198120184410546,101.0
NORMAL,6,0.1800399361334465,201.0
NORMAL,6,0.17442247460358318,301.0
NORMAL,6,0.17866282462305322,401.0
NORMAL,6,0.1752487103777324,501.0
NORMAL,6,0.1730630192333106,610.0
NORMAL,6,0.17179753041080909,701.0
NORMAL,6,0.17226970452088655,801.0
NORMAL,6,0.17227966704529427,901.0
NORMAL,6,0.1725227404815642,1001.0
NORMAL,6,0.17090741281980124,1102.0
NORMAL,6,0.1707629547005772,1201.0
NORMAL,6,0.17129167191472514,1301.0
NORMAL,6,0.1712629842618026,1401.0
NORMAL,6,0.1716193326049293,1502.0
NORMAL,6,0.1707498086431583,1602.0
NORMAL,6,0.1709067445692523,1701.0
NORMAL,6,0.17182116306143577,1801.0
NORMAL,6,0.17073627771857797,1901.0
NORMAL,6,0.17163463030051448,2001.0
NORMAL,6,0.17077783853155867,2101.0
NORMAL,6,0.1708148287606699,2201.0
NORMAL,6,0.17208458644402952,2301.0
NORMAL,6,0.17070211294743246,2402.0
NORMAL,6,0.17092172455150173,2501.0
NORMAL,6,0.17071363472375856,2601.0
NORMAL,6,0.17088804795374377,2701.0
NORMAL,6,0.1707715746055235,2801.0
NORMAL,6,0.17197010060874957,2901.0
NORMAL,6,0.17111073280774347,3001.0
NORMAL,6,0.1706824264538779,3101.0
NORMAL,6,0.17098521275773182,3201.0
NORMAL,6,0.17084970260251184,3301.0
NORMAL,6,0.1713172776341479,3401.0
NORMAL,6,0.17095319617455487,3501.0
NORMAL,6,0.17076072539107714,3601.0
NORMAL,6,0.1707467023077457,3701.0
NORMAL,6,0.17076746665355874,3801.0
NORMAL,6,0.17078264532802212,3901.0
NORMAL,6,0.17089561621013866,4011.0
NORMAL,6,0.17110184707255435,4106.0
NORMAL,6,0.17068015690574517,4206.0
NORMAL,6,0.17087361770025059,4307.0
NORMAL,6,0.1707646460310354,4405.0
NORMAL,6,0.17069713474947246,4502.0
NORMAL,6,0.17094874703820162,4707.0
NORMAL,6,0.17072936153752458,4701.0
NORMAL,6,0.17177253082429914,4802.0
NORMAL,6,0.1714450711143224,4901.0
NORMAL,6,0.1706926486942157,5001.0
NORMAL,6,0.17186365409968515,2554.0199999999995
LOCK,1,0.1772631846686661,101.0
LOCK,1,0.17648336582438265,201.0
LOCK,1,0.17332415996575223,301.0
LOCK,1,0.17260793077111977,401.0
LOCK,1,0.17345389142546677,501.0
LOCK,1,0.17207398428154924,601.0
LOCK,1,0.17124243439336825,701.0
LOCK,1,0.1712633092080374,801.0
LOCK,1,0.17125579722483672,901.0
LOCK,1,0.1709872108092856,1001.0
LOCK,1,0.17088121855183508,1101.0
LOCK,1,0.17101940022341725,1201.0
LOCK,1,0.17110909946214123,1301.0
LOCK,1,0.17094024724637358,1401.0
LOCK,1,0.17083379084099173,1501.0
LOCK,1,0.1708517633488758,1602.0
LOCK,1,0.17080438898037018,1701.0
LOCK,1,0.17092401284091782,1801.0
LOCK,1,0.17098294651889706,1901.0
LOCK,1,0.17083941879896186,2001.0
LOCK,1,0.17090713642690727,2269.0
LOCK,1,0.17079982606296526,2201.0
LOCK,1,0.17081905144819964,2301.0
LOCK,1,0.1708310360878705,2401.0
LOCK,1,0.17079583728662762,2501.0
LOCK,1,0.1710700854009102,2601.0
LOCK,1,0.17084475998773366,2701.0
LOCK,1,0.1708008359701252,2801.0
LOCK,1,0.17081041134420324,2901.0
LOCK,1,0.1709748854589366,3001.0
LOCK,1,0.17079122472380517,3101.0
LOCK,1,0.17081113058968178,3201.0
LOCK,1,0.1708074418766027,3301.0
LOCK,1,0.17091595426990766,3401.0
LOCK,1,0.17081526998920718,3501.0
LOCK,1,0.17079437693388883,3601.0
LOCK,1,0.1708777702604564,3701.0
LOCK,1,0.17079025264598735,3801.0
LOCK,1,0.1708154346199634,3901.0
LOCK,1,0.1707997181205126,4001.0
LOCK,1,0.17083491344301804,4101.0
LOCK,1,0.1708364496472893,4201.0
LOCK,1,0.17090819821971542,4301.0
LOCK,1,0.17080992445302295,4401.0
LOCK,1,0.17080793686172102,4523.0
LOCK,1,0.1708101397693485,4601.0
LOCK,1,0.17080807806067208,4701.0
LOCK,1,0.17078570756030853,4801.0
LOCK,1,0.1708312608666613,4901.0
LOCK,1,0.17089729466000048,5001.0
LOCK,1,0.17128687796862993,2554.8199999999993
LOCK,2,0.17483979102782374,101.0
LOCK,2,0.17466112473387435,201.0
LOCK,2,0.17241109370021887,301.0
LOCK,2,0.1727010260991602,401.0
LOCK,2,0.1718647383448996,501.0
LOCK,2,0.17150200593500406,601.0
LOCK,2,0.17092225787376775,701.0
LOCK,2,0.1709383132244437,801.0
LOCK,2,0.1709846396460901,901.0
LOCK,2,0.1708968738078396,1001.0
LOCK,2,0.1708258826145283,1101.0
LOCK,2,0.17082062330583586,1201.0
LOCK,2,0.17080272706655183,1301.0
LOCK,2,0.1714134163150609,1401.0
LOCK,2,0.17090088202741202,1502.0
LOCK,2,0.17088221087515434,1601.0
LOCK,2,0.17080135425238924,1701.0
LOCK,2,0.1708105683810678,1802.0
LOCK,2,0.1710882133271013,1902.0
LOCK,2,0.17081996301034544,2001.0
LOCK,2,0.17085549428004929,2101.0
LOCK,2,0.17082170152177123,2201.0
LOCK,2,0.17082514960868492,2301.0
LOCK,2,0.17100197934866382,2401.0
LOCK,2,0.17087540061882667,2501.0
LOCK,2,0.17089109380045608,2601.0
LOCK,2,0.17096452716539762,2701.0
LOCK,2,0.17079430231471188,2801.0
LOCK,2,0.17081670902218823,2901.0
LOCK,2,0.17086326208951563,3001.0
LOCK,2,0.1707947282264434,3101.0
LOCK,2,0.17081858172346964,3201.0
LOCK,2,0.17079587299984691,3301.0
LOCK,2,0.17084273359371463,3401.0
LOCK,2,0.17109200601773775,3501.0
LOCK,2,0.17079512193146917,3601.0
LOCK,2,0.1708593279354023,3701.0
LOCK,2,0.1708015086831131,3801.0
LOCK,2,0.17080673930859988,3901.0
LOCK,2,0.17081994889346716,4001.0
LOCK,2,0.17080610578362798,4102.0
LOCK,2,0.170844033446253,4201.0
LOCK,2,0.1709536695621521,4301.0
LOCK,2,0.170801923090879,4401.0
LOCK,2,0.17082267897481762,4501.0
LOCK,2,0.17082803682753814,4601.0
LOCK,2,0.17084029615496002,4701.0
LOCK,2,0.17089572324039248,4801.0
LOCK,2,0.17080468740035173,4901.0
LOCK,2,0.17095400829943241,5001.0
LOCK,2,0.17113150114865003,2551.0799999999995
LOCK,3,0.1765809955257834,129.0
LOCK,3,0.17389683951746743,201.0
LOCK,3,0.1719092029865411,302.0
LOCK,3,0.17150420680193534,402.0
LOCK,3,0.17167485944708583,502.0
LOCK,3,0.17099042491532707,601.0
LOCK,3,0.17114491040963986,701.0
LOCK,3,0.17093348481532766,801.0
LOCK,3,0.17095579796450683,902.0
LOCK,3,0.17081156037769885,1002.0
LOCK,3,0.1708205600117151,1101.0
LOCK,3,0.17080512490109484,1201.0
LOCK,3,0.17078657326253774,1301.0
LOCK,3,0.17077704347916206,1401.0
LOCK,3,0.17089619645065257,1502.0
LOCK,3,0.17077825653633955,1602.0
LOCK,3,0.17082330122869932,1702.0
LOCK,3,0.17093602012371795,1802.0
LOCK,3,0.17077296744626733,1902.0
LOCK,3,0.17078984704089345,2002.0
LOCK,3,0.17077416122995318,2102.0
LOCK,3,0.1708559907707288,2202.0
LOCK,3,0.17077831956382675,2302.0
LOCK,3,0.1708771617128812,2402.0
LOCK,3,0.17081226065682473,2501.0
LOCK,3,0.1709302775316289,2602.0
LOCK,3,0.17076290528195748,2702.0
LOCK,3,0.17086855722708535,2801.0
LOCK,3,0.17083569103144391,2902.0
LOCK,3,0.17081745922102762,3002.0
LOCK,3,0.17077615599885382,3102.0
LOCK,3,0.17076985941349732,3201.0
LOCK,3,0.17104317047993475,3302.0
LOCK,3,0.17078142967175425,3402.0
LOCK,3,0.17091805041675337,3502.0
LOCK,3,0.17078587512993082,3601.0
LOCK,3,0.1707953816814747,3702.0
LOCK,3,0.17080926427282198,3801.0
LOCK,3,0.17098931973508147,3902.0
LOCK,3,0.17088266495601417,4002.0
LOCK,3,0.17082767536755863,4101.0
LOCK,3,0.17080448252781863,4202.0
LOCK,3,0.17084173355845694,4301.0
LOCK,3,0.17087102714321845,4401.0
LOCK,3,0.17102235733732235,4502.0
LOCK,3,0.1707686732395392,4601.0
LOCK,3,0.17085047840549353,4701.0
LOCK,3,0.1709118140318831,4802.0
LOCK,3,0.17085380567571626,4902.0
LOCK,3,0.17081595573817815,5002.0
LOCK,3,0.17108040264502103,2552.1799999999994
LOCK,4,0.17525040967064498,101.0
LOCK,4,0.1740165569980057,206.0
LOCK,4,0.171245575201482,301.0
LOCK,4,0.1722527390333389,402.0
LOCK,4,0.17221965436233688,501.0
LOCK,4,0.17107481576004344,602.0
LOCK,4,0.17095363348773882,702.0
LOCK,4,0.17084675367064253,801.0
LOCK,4,0.17087895198531117,901.0
LOCK,4,0.1709581064238035,1001.0
LOCK,4,0.1709986521206757,1102.0
LOCK,4,0.1707874357154429,1202.0
LOCK,4,0.17073671226902531,1301.0
LOCK,4,0.17091336513743163,1402.0
LOCK,4,0.1707023798437778,1501.0
LOCK,4,0.17071935102242197,1601.0
LOCK,4,0.17079537703722975,1701.0
LOCK,4,0.17070093825356175,1801.0
LOCK,4,0.1707749729101554,1902.0
LOCK,4,0.1707098536013059,2001.0
LOCK,4,0.17072788791789448,2101.0
LOCK,4,0.17073554418917433,2201.0
LOCK,4,0.1707029443747151,2301.0
LOCK,4,0.1707234550699716,2401.0
LOCK,4,0.17078736757005078,2501.0
LOCK,4,0.17072601552055752,2602.0
LOCK,4,0.17072210446934263,2701.0
LOCK,4,0.1707087172227031,2802.0
LOCK,4,0.17075469814843314,2901.0
LOCK,4,0.17077570207773862,3001.0
LOCK,4,0.170742602131539,3101.0
LOCK,4,0.17069253528889422,3201.0
LOCK,4,0.1707227634285065,3301.0
LOCK,4,0.17105450450668866,3401.0
LOCK,4,0.17081165126375109,3501.0
LOCK,4,0.1710309609186372,3601.0
LOCK,4,0.17086235648883974,3701.0
LOCK,4,0.17069290052178943,3801.0
LOCK,4,0.17072533738808063,3901.0
LOCK,4,0.17082517166054648,4001.0
LOCK,4,0.17070906072865805,4101.0
LOCK,4,0.1706964443630624,4202.0
LOCK,4,0.17073109537595776,4301.0
LOCK,4,0.17072675815014546,4401.0
LOCK,4,0.17087542464222893,4501.0
LOCK,4,0.17070119768655775,4601.0
LOCK,4,0.17069879514473085,4701.0
LOCK,4,0.17086838974008947,4801.0
LOCK,4,0.1707416121480987,4901.0
LOCK,4,0.1709668626712775,5001.0
LOCK,4,0.17101554190626073,2551.2999999999997
LOCK,5,0.1742449934275438,101.0
LOCK,5,0.17238123865763813,201.0
LOCK,5,0.1718624322134761,301.0
LOCK,5,0.17150488051736246,402.0
LOCK,5,0.17119720973222288,502.0
LOCK,5,0.17098255596536224,602.0
LOCK,5,0.1707652617501846,701.0
LOCK,5,0.17074074674715076,801.0
LOCK,5,0.170743401063078,902.0
LOCK,5,0.1708555645557716,1001.0
LOCK,5,0.1707514299687116,1102.0
LOCK,5,0.17073858692588229,1201.0
LOCK,5,0.17074114615962216,1301.0
LOCK,5,0.17081558455191573,1401.0
LOCK,5,0.1707497397748635,1501.0
LOCK,5,0.17073956192116593,1601.0
LOCK,5,0.17080047791202066,1702.0
LOCK,5,0.17074978779815414,1802.0
LOCK,5,0.17078850777489651,1902.0
LOCK,5,0.17075451109987944,2002.0
LOCK,5,0.1707831835873429,2101.0
LOCK,5,0.17078240763267444,2201.0
LOCK,5,0.17074578855740252,2301.0
LOCK,5,0.17074568477614072,2402.0
LOCK,5,0.1708743462068853,2502.0
LOCK,5,0.17075378120135645,2642.0
LOCK,5,0.17077648853435418,2701.0
LOCK,5,0.1707580364732807,2801.0
LOCK,5,0.17085806294692044,2901.0
LOCK,5,0.1707695383224254,3001.0
LOCK,5,0.17077345394116175,3101.0
LOCK,5,0.17074677383230527,3201.0
LOCK,5,0.17074481045882345,3302.0
LOCK,5,0.17086958770558502,3401.0
LOCK,5,0.17087028168088486,3502.0
LOCK,5,0.17074286991461982,3602.0
LOCK,5,0.17079500602666314,3701.0
LOCK,5,0.1707382519018456,3801.0
LOCK,5,0.17094556531299315,3901.0
LOCK,5,0.170811673557497,4001.0
LOCK,5,0.17075604424729857,4101.0
LOCK,5,0.17077350086004184,4201.0
LOCK,5,0.17079461325817125,4302.0
LOCK,5,0.17073421207426717,4401.0
LOCK,5,0.17078516310403483,4501.0
LOCK,5,0.17077281062957905,4601.0
LOCK,5,0.17078938375297573,4701.0
LOCK,5,0.17076098917481566,4801.0
LOCK,5,0.17078573679025372,4901.0
LOCK,5,0.17082828075742118,5002.0
LOCK,5,0.17093147891473842,2552.14
LOCK,6,0.17449494329945714,104.0
LOCK,6,0.1733714214236314,201.0
LOCK,6,0.17239393083007473,301.0
LOCK,6,0.1710485422437606,401.0
LOCK,6,0.1713253171660041,501.0
LOCK,6,0.1715540459849591,601.0
LOCK,6,0.17098847873875728,714.0
LOCK,6,0.17123537339827252,802.0
LOCK,6,0.17103758731231303,901.0
LOCK,6,0.17086525288950147,1001.0
LOCK,6,0.170858229711669,1101.0
LOCK,6,0.17081051570929276,1201.0
LOCK,6,0.17092048622605022,1301.0
LOCK,6,0.17113559386870106,1402.0
LOCK,6,0.1708742361172375,1501.0
LOCK,6,0.1708439499910607,1602.0
LOCK,6,0.17088868584589734,1701.0
LOCK,6,0.1709141257173713,1801.0
LOCK,6,0.17080130770973445,1902.0
LOCK,6,0.17098247765601543,2001.0
LOCK,6,0.17079739079954348,2101.0
LOCK,6,0.17091719854484494,2201.0
LOCK,6,0.17102645675941724,2302.0
LOCK,6,0.1708305523901908,2401.0
LOCK,6,0.17118221941869513,2502.0
LOCK,6,0.17111220210155498,2601.0
LOCK,6,0.1708086039150949,2701.0
LOCK,6,0.17080212371765763,2802.0
LOCK,6,0.1707960000358665,2901.0
LOCK,6,0.17087643824277146,3001.0
LOCK,6,0.1708688518635589,3101.0
LOCK,6,0.17079250352308073,3201.0
LOCK,6,0.17085683265843032,3301.0
LOCK,6,0.17092603894394834,3401.0
LOCK,6,0.17079673105041304,3501.0
LOCK,6,0.17083478419894615,3601.0
LOCK,6,0.17098721090161004,3702.0
LOCK,6,0.17086749982809463,3801.0
LOCK,6,0.1708245551427155,3902.0
LOCK,6,0.17088070921525406,4001.0
LOCK,6,0.170846444730623,4102.0
LOCK,6,0.17079075049529294,4202.0
LOCK,6,0.17083923200601314,4301.0
LOCK,6,0.1708248077218277,4401.0
LOCK,6,0.17079282222509717,4501.0
LOCK,6,0.17089956520281116,4601.0
LOCK,6,0.17079917247819285,4701.0
LOCK,6,0.17079526932493366,4801.0
LOCK,6,0.17078842007818607,4901.0
LOCK,6,0.17101529087491393,5001.0
LOCK,6,0.17107042360458685,2551.5399999999995
RANDOM,1,0.17748667680426441,101.0
RANDOM,1,0.174962191667335,201.0
RANDOM,1,0.1723939187588205,301.0
RANDOM,1,0.17261773638474948,401.0
RANDOM,1,0.17181807515771336,501.0
RANDOM,1,0.17164701704296662,601.0
RANDOM,1,0.1709784016632053,701.0
RANDOM,1,0.1717378620668221,801.0
RANDOM,1,0.17115478962180694,901.0
RANDOM,1,0.1721386423633894,1001.0
RANDOM,1,0.17174627166996773,1101.0
RANDOM,1,0.17101109715608928,1201.0
RANDOM,1,0.1710744289563898,1301.0
RANDOM,1,0.17091578244167718,1401.0
RANDOM,1,0.1708880791321075,1501.0
RANDOM,1,0.17082207103713082,1601.0
RANDOM,1,0.17081580053474282,1701.0
RANDOM,1,0.17100584966134422,1801.0
RANDOM,1,0.17100639233522485,1901.0
RANDOM,1,0.17105215253943834,2001.0
RANDOM,1,0.1708115378492209,2101.0
RANDOM,1,0.17080980413247057,2201.0
RANDOM,1,0.17082086882122877,2301.0
RANDOM,1,0.17098289886057763,2402.0
RANDOM,1,0.1708566885888404,2501.0
RANDOM,1,0.17092191670127557,2605.0
RANDOM,1,0.17082185287661925,2703.0
RANDOM,1,0.17081631709238448,2804.0
RANDOM,1,0.17081356252500735,2903.0
RANDOM,1,0.1708089724002265,3003.0
RANDOM,1,0.17080411280373747,3103.0
RANDOM,1,0.17079788447452107,3203.0
RANDOM,1,0.17080308923785065,3303.0
RANDOM,1,0.1708132922058256,3403.0
RANDOM,1,0.17078762848183546,3504.0
RANDOM,1,0.1709052229713157,3604.0
RANDOM,1,0.17079222895137336,3706.0
RANDOM,1,0.17090172729486644,3802.0
RANDOM,1,0.1707917302828602,3902.0
RANDOM,1,0.17084083368096423,4001.0
RANDOM,1,0.17080022181704335,4101.0
RANDOM,1,0.17083885764864087,4201.0
RANDOM,1,0.17078410141658076,4301.0
RANDOM,1,0.17080387453953652,4401.0
RANDOM,1,0.17081242171639066,4501.0
RANDOM,1,0.17082709815418137,4602.0
RANDOM,1,0.17080473778483335,4701.0
RANDOM,1,0.17079657753990757,4801.0
RANDOM,1,0.17079596812170217,4901.0
RANDOM,1,0.17089979781804387,5123.0
RANDOM,1,0.17124278127570097,2554.1599999999994
RANDOM,2,0.1768540720219272,101.0
RANDOM,2,0.17377254947317855,202.0
RANDOM,2,0.17393092363741458,301.0
RANDOM,2,0.1739373746145305,401.0
RANDOM,2,0.1724092249418209,501.0
RANDOM,2,0.17175659591123116,601.0
RANDOM,2,0.17304311543663342,701.0
RANDOM,2,0.1754573571009387,801.0
RANDOM,2,0.17360057801803813,901.0
RANDOM,2,0.17251309156890876,1001.0
RANDOM,2,0.17110159436264472,1101.0
RANDOM,2,0.17107106764156807,1201.0
RANDOM,2,0.17110044246542697,1301.0
RANDOM,2,0.17159499047057494,1401.0
RANDOM,2,0.17114075067117143,1502.0
RANDOM,2,0.1713075594720029,1601.0
RANDOM,2,0.17100673967983443,1701.0
RANDOM,2,0.1708127615653751,1801.0
RANDOM,2,0.17109966729798026,1901.0
RANDOM,2,0.17089199684642692,2001.0
RANDOM,2,0.17083946719832174,2101.0
RANDOM,2,0.1708270810495122,2201.0
RANDOM,2,0.1708484099956966,2301.0
RANDOM,2,0.1713029788528974,2402.0
RANDOM,2,0.17082546506249952,2501.0
RANDOM,2,0.1708498824174245,2601.0
RANDOM,2,0.17100414756575055,2701.0
RANDOM,2,0.17102316257876474,2802.0
RANDOM,2,0.17081980779476996,2902.0
RANDOM,2,0.17085564271040138,3002.0
RANDOM,2,0.17101519874308413,3102.0
RANDOM,2,0.17084464277570013,3201.0
RANDOM,2,0.17090853323887376,3301.0
RANDOM,2,0.17083920415156298,3401.0
RANDOM,2,0.17084252874245756,3502.0
RANDOM,2,0.17099596408292006,3602.0
RANDOM,2,0.17082009194831646,3702.0
RANDOM,2,0.17091091219322915,3801.0
RANDOM,2,0.17091001254680252,3902.0
RANDOM,2,0.1708194044245829,4001.0
RANDOM,2,0.17101385305816344,4101.0
RANDOM,2,0.1708775445543529,4201.0
RANDOM,2,0.17078930889142618,4302.0
RANDOM,2,0.17090095194614582,4401.0
RANDOM,2,0.17083010533583928,4501.0
RANDOM,2,0.17086980219357764,4601.0
RANDOM,2,0.17114951352748478,4702.0
RANDOM,2,0.1708305758322575,4802.0
RANDOM,2,0.17085574898861605,4901.0
RANDOM,2,0.170785554540644,5001.0
RANDOM,2,0.17150815900279412,2551.2799999999993
RANDOM,3,0.17883248331405852,101.0
RANDOM,3,0.17608595712660527,202.0
RANDOM,3,0.18104080606248218,302.0
RANDOM,3,0.18261505580854936,401.0
RANDOM,3,0.17286880881285,502.0
RANDOM,3,0.17502508663455052,602.0
RANDOM,3,0.17303643931061838,702.0
RANDOM,3,0.17450421533898364,801.0
RANDOM,3,0.17433140020943333,901.0
RANDOM,3,0.17307133267422142,1002.0
RANDOM,3,0.17157980201879228,1101.0
RANDOM,3,0.17211811648453865,1202.0
RANDOM,3,0.17087203400211676,1301.0
RANDOM,3,0.17090713572289332,1402.0
RANDOM,3,0.17166380227492248,1502.0
RANDOM,3,0.17127251237791394,1602.0
RANDOM,3,0.17221479826405708,1701.0
RANDOM,3,0.17132888169770577,1802.0
RANDOM,3,0.17115081580075747,1901.0
RANDOM,3,0.17152703167381406,2002.0
RANDOM,3,0.17152082609251454,2101.0
RANDOM,3,0.17076122737391897,2201.0
RANDOM,3,0.1714860698063556,2301.0
RANDOM,3,0.17173266882331126,2401.0
RANDOM,3,0.17192799006185527,2501.0
RANDOM,3,0.17079439620379505,2602.0
RANDOM,3,0.17127831274311706,2702.0
RANDOM,3,0.17163711040977503,2801.0
RANDOM,3,0.1711594419220243,2901.0
RANDOM,3,0.1708260902465823,3001.0
RANDOM,3,0.17084547619641527,3101.0
RANDOM,3,0.17104200216298587,3202.0
RANDOM,3,0.1707741210977058,3301.0
RANDOM,3,0.17079155739283272,3402.0
RANDOM,3,0.17102768473739374,3501.0
RANDOM,3,0.17083170266837444,3602.0
RANDOM,3,0.17082946965938264,3702.0
RANDOM,3,0.1708115647872395,3802.0
RANDOM,3,0.17087060133981016,3902.0
RANDOM,3,0.1714946493224339,4032.0
RANDOM,3,0.17086827500463367,4101.0
RANDOM,3,0.17076420171938395,4202.0
RANDOM,3,0.17075688015692167,4302.0
RANDOM,3,0.17080500782200866,4402.0
RANDOM,3,0.17086592224551167,4501.0
RANDOM,3,0.17076855474717137,4623.0
RANDOM,3,0.1708821832915095,4702.0
RANDOM,3,0.17076666318784844,4802.0
RANDOM,3,0.17077754152434466,4902.0
RANDOM,3,0.17078652347930354,5002.0
RANDOM,3,0.17213062463672651,2552.5999999999995
RANDOM,4,0.1850484259057312,101.0
RANDOM,4,0.18083599341125486,202.0
RANDOM,4,0.17495718311108607,302.0
RANDOM,4,0.183585453100405,401.0
RANDOM,4,0.18498904419695134,501.0
RANDOM,4,0.17578857220673505,602.0
RANDOM,4,0.17416996095500403,702.0
RANDOM,4,0.1715549838710433,802.0
RANDOM,4,0.17519231679444897,901.0
RANDOM,4,0.1751683585918748,1002.0
RANDOM,4,0.17250255438837994,1101.0
RANDOM,4,0.17122841878518696,1201.0
RANDOM,4,0.17161047929908596,1301.0
RANDOM,4,0.17197167107916328,1401.0
RANDOM,4,0.17110627965650932,1502.0
RANDOM,4,0.1736387447765005,1602.0
RANDOM,4,0.17076804227855708,1701.0
RANDOM,4,0.1722408242475386,1802.0
RANDOM,4,0.17215553218510812,1901.0
RANDOM,4,0.17138921107618293,2002.0
RANDOM,4,0.1740626683231724,2158.0
RANDOM,4,0.1720009949636578,2202.0
RANDOM,4,0.17086641574974812,2302.0
RANDOM,4,0.17192062863180374,2401.0
RANDOM,4,0.1707190766071163,2501.0
RANDOM,4,0.17078906704853672,2658.0
RANDOM,4,0.17121149963898724,2701.0
RANDOM,4,0.1718288501328117,2801.0
RANDOM,4,0.1711934667439012,2901.0
RANDOM,4,0.17087324917254165,3002.0
RANDOM,4,0.1713855469468258,3101.0
RANDOM,4,0.17308958869771954,3201.0
RANDOM,4,0.17112514580296145,3302.0
RANDOM,4,0.17070531595877553,3402.0
RANDOM,4,0.17162345278511096,3501.0
RANDOM,4,0.17068844542242556,3602.0
RANDOM,4,0.17067414487431926,3702.0
RANDOM,4,0.17068766283078615,3802.0
RANDOM,4,0.1707440443369791,3902.0
RANDOM,4,0.17066599573878205,4001.0
RANDOM,4,0.17125647581024855,4102.0
RANDOM,4,0.17100228160516076,4201.0
RANDOM,4,0.170769736910381,4301.0
RANDOM,4,0.17071894128510773,4401.0
RANDOM,4,0.17095951485069075,4501.0
RANDOM,4,0.1711341315962335,4631.0
RANDOM,4,0.1710451803257885,4701.0
RANDOM,4,0.17090935593282974,4802.0
RANDOM,4,0.17069268994858922,4901.0
RANDOM,4,0.17067069561142764,5002.0
RANDOM,4,0.17271832628400327,2554.3199999999993
RANDOM,5,0.17600138679561286,101.0
RANDOM,5,0.17374034709032676,202.0
RANDOM,5,0.17229304592103675,301.0
RANDOM,5,0.1722863163904528,409.0
RANDOM,5,0.17112303382906258,501.0
RANDOM,5,0.17153434534313064,601.0
RANDOM,5,0.17106700764428578,702.0
RANDOM,5,0.1719669586027041,801.0
RANDOM,5,0.17089769475961572,901.0
RANDOM,5,0.17257369052983232,1001.0
RANDOM,5,0.17079951304951813,1102.0
RANDOM,5,0.17087422401873517,1201.0
RANDOM,5,0.17079884087901367,1301.0
RANDOM,5,0.17076069831267762,1401.0
RANDOM,5,0.17087363518587528,1501.0
RANDOM,5,0.17088108270716867,1601.0
RANDOM,5,0.1707548884576251,1702.0
RANDOM,5,0.17102376230848557,1802.0
RANDOM,5,0.17073670706256558,1901.0
RANDOM,5,0.17073774342447412,2002.0
RANDOM,5,0.17118952483764102,2101.0
RANDOM,5,0.1707694300985369,2202.0
RANDOM,5,0.17081284974378225,2301.0
RANDOM,5,0.17073089657113957,2401.0
RANDOM,5,0.17142577403026063,2501.0
RANDOM,5,0.17113903666148345,2601.0
RANDOM,5,0.17072588083793483,2701.0
RANDOM,5,0.17087663835524253,2801.0
RANDOM,5,0.1707662585854931,2901.0
RANDOM,5,0.17079280641097522,3002.0
RANDOM,5,0.17088314211742653,3101.0
RANDOM,5,0.17126345719208055,3202.0
RANDOM,5,0.17112597290855655,3301.0
RANDOM,5,0.17114180091838652,3402.0
RANDOM,5,0.17085251642589264,3502.0
RANDOM,5,0.17080835202356023,3602.0
RANDOM,5,0.17078177052716523,3702.0
RANDOM,5,0.17073478618838583,3802.0
RANDOM,5,0.17083536586966339,3945.0
RANDOM,5,0.1708299068141457,4001.0
RANDOM,5,0.17087380058149484,4101.0
RANDOM,5,0.17082402231759353,4201.0
RANDOM,5,0.17132364467676536,4301.0
RANDOM,5,0.17078120544983075,4402.0
RANDOM,5,0.17132147722118304,4501.0
RANDOM,5,0.17116436837503207,4601.0
RANDOM,5,0.17180413192016675,4701.0
RANDOM,5,0.17088565018741078,4801.0
RANDOM,5,0.17079247523371716,4902.0
RANDOM,5,0.17072966060542297,5002.0
RANDOM,5,0.1712142305199714,2552.3799999999997
RANDOM,6,0.17702565956917563,105.0
RANDOM,6,0.1748206523745869,201.0
RANDOM,6,0.17452333662498104,301.0
RANDOM,6,0.17476669975407003,402.0
RANDOM,6,0.17226070509782157,501.0
RANDOM,6,0.17305818547476645,601.0
RANDOM,6,0.17130887635889802,702.0
RANDOM,6,0.17262376191972248,801.0
RANDOM,6,0.17093825657245848,901.0
RANDOM,6,0.17094377615248874,1001.0
RANDOM,6,0.1713023806669971,1101.0
RANDOM,6,0.17101469574216008,1202.0
RANDOM,6,0.17081888260650993,1301.0
RANDOM,6,0.17092399290337948,1401.0
RANDOM,6,0.17086690585248968,1502.0
RANDOM,6,0.17074898883310327,1602.0
RANDOM,6,0.17096159958737603,1701.0
RANDOM,6,0.17077110750192,1801.0
RANDOM,6,0.17077028826129012,1901.0
RANDOM,6,0.17096237426273103,2002.0
RANDOM,6,0.17169318666138236,2102.0
RANDOM,6,0.17074894663541787,2201.0
RANDOM,6,0.1708450262424481,2302.0
RANDOM,6,0.1714673577777282,2401.0
RANDOM,6,0.1708083807509316,2501.0
RANDOM,6,0.1707149600252253,2601.0
RANDOM,6,0.17121840567000543,2701.0
RANDOM,6,0.1707598280055448,2801.0
RANDOM,6,0.17079209786470867,2902.0
RANDOM,6,0.17098083424283514,3002.0
RANDOM,6,0.1712140334248077,3101.0
RANDOM,6,0.1709417582210807,3201.0
RANDOM,6,0.17107392068772398,3302.0
RANDOM,6,0.1707171766326664,3401.0
RANDOM,6,0.17098162588919466,3502.0
RANDOM,6,0.17077716635356424,3601.0
RANDOM,6,0.17088856381718215,3701.0
RANDOM,6,0.17076948716266024,3801.0
RANDOM,6,0.17094874876559793,3902.0
RANDOM,6,0.17074841932971357,4001.0
RANDOM,6,0.17073175139997643,4101.0
RANDOM,6,0.17114178138917255,4201.0
RANDOM,6,0.17078957854069057,4301.0
RANDOM,6,0.1710274269839182,4401.0
RANDOM,6,0.17092030188745316,4501.0
RANDOM,6,0.17081274083612658,4602.0
RANDOM,6,0.17096061141030583,4701.0
RANDOM,6,0.1708716857725162,4801.0
RANDOM,6,0.1707273976124922,4902.0
RANDOM,6,0.17071534419166617,5001.0
RANDOM,6,0.17138399340603325,2551.3799999999997
REPLICATE,1,0.17633741771712458,102.0
REPLICATE,1,0.17543899068574087,202.0
REPLICATE,1,0.17445102309821348,301.0
REPLICATE,1,0.17272423299621956,401.0
REPLICATE,1,0.17243557834433162,501.0
REPLICATE,1,0.17279797104000708,611.0
REPLICATE,1,0.17140853690402463,701.0
REPLICATE,1,0.17148977102474147,801.0
REPLICATE,1,0.17178607526106365,901.0
REPLICATE,1,0.1709742096300187,1001.0
REPLICATE,1,0.17088767155595136,1101.0
REPLICATE,1,0.17122032182176583,1201.0
REPLICATE,1,0.17097436708039176,1301.0
REPLICATE,1,0.170861384309337,1401.0
REPLICATE,1,0.17100932001196065,1501.0
REPLICATE,1,0.17090605851932356,1601.0
REPLICATE,1,0.1709551638355745,1728.0
REPLICATE,1,0.17085039848293287,1801.0
REPLICATE,1,0.17083229247756834,1901.0
REPLICATE,1,0.1708684357874051,2001.0
REPLICATE,1,0.17086544494845496,2101.0
REPLICATE,1,0.1712085420571171,2201.0
REPLICATE,1,0.17083585919322064,2301.0
REPLICATE,1,0.1708414008762661,2401.0
REPLICATE,1,0.17088892834880248,2501.0
REPLICATE,1,0.17099990489650888,2601.0
REPLICATE,1,0.17091609750307737,2701.0
REPLICATE,1,0.17117991905601426,2849.0
REPLICATE,1,0.17082901653147808,2901.0
REPLICATE,1,0.17090298180806765,3001.0
REPLICATE,1,0.17086376577777365,3101.0
REPLICATE,1,0.1709302060059798,3201.0
REPLICATE,1,0.17089487419205912,3301.0
REPLICATE,1,0.17082509142918326,3401.0
REPLICATE,1,0.17090411861656307,3501.0
REPLICATE,1,0.17111517837368426,3601.0
REPLICATE,1,0.17087024701204462,3701.0
REPLICATE,1,0.17085532080409055,3801.0
REPLICATE,1,0.17084316135795383,3942.0
REPLICATE,1,0.17083169133388204,4001.0
REPLICATE,1,0.17091329434158326,4101.0
REPLICATE,1,0.17095341289834845,4201.0
REPLICATE,1,0.17089770773156343,4301.0
REPLICATE,1,0.17085635373934577,4401.0
REPLICATE,1,0.17084371020983083,4501.0
REPLICATE,1,0.17088342783883095,4601.0
REPLICATE,1,0.17117995990476892,4701.0
REPLICATE,1,0.1708996021552735,4801.0
REPLICATE,1,0.17083475270213377,4922.0
REPLICATE,1,0.17087908226403764,5249.0
REPLICATE,1,0.17133504548983272,2558.9399999999996
REPLICATE,2,0.17907027752266655,101.0
REPLICATE,2,0.17581315200740685,201.0
REPLICATE,2,0.1767337760747288,301.0
REPLICATE,2,0.1760491627995729,402.0
REPLICATE,2,0.1738943734667547,502.0
REPLICATE,2,0.17438553602729645,601.0
REPLICATE,2,0.17274697030657749,701.0
REPLICATE,2,0.17341099442613092,1661.0
REPLICATE,2,0.17211644634260587,901.0
REPLICATE,2,0.17209659583724363,1001.0
REPLICATE,2,0.17243764296924005,1101.0
REPLICATE,2,0.17144023727213098,1201.0
REPLICATE,2,0.17104998735769283,1301.0
REPLICATE,2,0.17152494001758767,1401.0
REPLICATE,2,0.17147971440355453,1501.0
REPLICATE,2,0.17157309355625758,1615.0
REPLICATE,2,0.17218429921508066,1701.0
REPLICATE,2,0.17103523656921346,1801.0
REPLICATE,2,0.17145411876345618,1901.0
REPLICATE,2,0.17084740886085026,2001.0
REPLICATE,2,0.17104535522534242,2101.0
REPLICATE,2,0.17123511934170693,2201.0
REPLICATE,2,0.17093046968495884,2301.0
REPLICATE,2,0.1709438965324253,2468.0
REPLICATE,2,0.1708587107964762,2501.0
REPLICATE,2,0.17133796542676993,2601.0
REPLICATE,2,0.17082808652352224,2701.0
REPLICATE,2,0.17085091942653435,2802.0
REPLICATE,2,0.17090505791907348,2901.0
REPLICATE,2,0.1709071020901344,3001.0
REPLICATE,2,0.17114733369835558,3102.0
REPLICATE,2,0.17092227481992905,3202.0
REPLICATE,2,0.17091612265643322,3301.0
REPLICATE,2,0.1708449991565983,3401.0
REPLICATE,2,0.17116323307345843,3503.0
REPLICATE,2,0.1711097661549397,3601.0
REPLICATE,2,0.1708838672686704,3701.0
REPLICATE,2,0.17114061861809443,3802.0
REPLICATE,2,0.17081615904777436,3902.0
REPLICATE,2,0.1708864944227501,4001.0
REPLICATE,2,0.17112253255173399,4102.0
REPLICATE,2,0.17082252242837878,4202.0
REPLICATE,2,0.1708283413550847,4301.0
REPLICATE,2,0.17082862608757338,4401.0
REPLICATE,2,0.1709453352917329,4501.0
REPLICATE,2,0.17082491529944627,4601.0
REPLICATE,2,0.17082217307754627,4701.0
REPLICATE,2,0.17093615254165015,4802.0
REPLICATE,2,0.17089623884714072,4902.0
REPLICATE,2,0.1708369692005429,5002.0
REPLICATE,2,0.17179762644721655,2570.0999999999995
REPLICATE,3,0.178377011035007,102.0
REPLICATE,3,0.17682573251874026,201.0
REPLICATE,3,0.17706728248545023,301.0
REPLICATE,3,0.17510001282420395,402.0
REPLICATE,3,0.17401258690065405,501.0
REPLICATE,3,0.17506437379143736,601.0
REPLICATE,3,0.1729293031262964,701.0
REPLICATE,3,0.17216812748203364,801.0
REPLICATE,3,0.17205022027939817,901.0
REPLICATE,3,0.17196084539946868,1001.0
REPLICATE,3,0.1721977575744044,1101.0
REPLICATE,3,0.1715274413776878,1202.0
REPLICATE,3,0.17187654796141488,1301.0
REPLICATE,3,0.17137946308987392,1401.0
REPLICATE,3,0.17178704055995953,1501.0
REPLICATE,3,0.17134519747191607,1601.0
REPLICATE,3,0.1711749925021359,1701.0
REPLICATE,3,0.17105155630527485,1801.0
REPLICATE,3,0.1712483911905743,1901.0
REPLICATE,3,0.17122110064352625,2002.0
REPLICATE,3,0.1710449401909658,2102.0
REPLICATE,3,0.17105118659748828,2201.0
REPLICATE,3,0.17094155798842287,2301.0
REPLICATE,3,0.1709882259524761,2401.0
REPLICATE,3,0.17091225909336025,2502.0
REPLICATE,3,0.17077933382223395,2602.0
REPLICATE,3,0.17091922171285134,2702.0
REPLICATE,3,0.17083309992809553,2802.0
REPLICATE,3,0.17076789424419456,3031.0
REPLICATE,3,0.1708902463901301,3002.0
REPLICATE,3,0.1707761073617915,3102.0
REPLICATE,3,0.1708025029344846,3201.0
REPLICATE,3,0.17076478754828847,3301.0
REPLICATE,3,0.17080229373001646,3402.0
REPLICATE,3,0.17075340977179584,3502.0
REPLICATE,3,0.17075880849461764,3602.0
REPLICATE,3,0.17074709908888755,3701.0
REPLICATE,3,0.17080282595461016,3801.0
REPLICATE,3,0.17086120720048473,3901.0
REPLICATE,3,0.17076671362917945,4001.0
REPLICATE,3,0.17079648057843883,4102.0
REPLICATE,3,0.17076677032298596,4201.0
REPLICATE,3,0.17083349417172386,4301.0
REPLICATE,3,0.17075687570670262,4401.0
REPLICATE,3,0.17078774585658965,4501.0
REPLICATE,3,0.1707640486955487,4632.0
REPLICATE,3,0.1707644659064151,4702.0
REPLICATE,3,0.17075416285190614,4802.0
REPLICATE,3,0.17077886742219145,4902.0
REPLICATE,3,0.1707752569885684,5002.0
REPLICATE,3,0.17170213749309807,2554.5999999999995
REPLICATE,4,0.1810156266707558,101.0
REPLICATE,4,0.18005039806282291,202.0
REPLICATE,4,0.17830845896329256,301.0
REPLICATE,4,0.17737580049274074,401.0
REPLICATE,4,0.17564163030021698,501.0
REPLICATE,4,0.1760723363583812,601.0
REPLICATE,4,0.17494682719596047,701.0
REPLICATE,4,0.17419861616189114,801.0
REPLICATE,4,0.17285388122243467,902.0
REPLICATE,4,0.17385994294768203,1001.0
REPLICATE,4,0.17248368782989743,1102.0
REPLICATE,4,0.1726052395403232,1246.0
REPLICATE,4,0.1721187349632444,1302.0
REPLICATE,4,0.1720206373934201,1402.0
REPLICATE,4,0.17163967436669292,1501.0
REPLICATE,4,0.1718560541808872,1601.0
REPLICATE,4,0.17200998038562462,1702.0
REPLICATE,4,0.17121255989540984,1801.0
REPLICATE,4,0.17124400904629156,1902.0
REPLICATE,4,0.1712855108557288,2001.0
REPLICATE,4,0.17151725721260894,2101.0
REPLICATE,4,0.17110327327755995,2202.0
REPLICATE,4,0.17117320138723913,2301.0
REPLICATE,4,0.17184261966154485,2402.0
REPLICATE,4,0.1710341892641112,2501.0
REPLICATE,4,0.17086034141561346,2601.0
REPLICATE,4,0.17126487175405913,2701.0
REPLICATE,4,0.17103226176841743,2801.0
REPLICATE,4,0.17086637263302704,2901.0
REPLICATE,4,0.17084175383241287,3002.0
REPLICATE,4,0.17098572666357414,3101.0
REPLICATE,4,0.17089336448425868,3201.0
REPLICATE,4,0.17084772187268218,3301.0
REPLICATE,4,0.1708565780443697,3402.0
REPLICATE,4,0.17077364909790643,3501.0
REPLICATE,4,0.17075031764469858,3602.0
REPLICATE,4,0.1708339015102143,3701.0
REPLICATE,4,0.17081920876130502,3802.0
REPLICATE,4,0.17082747319109542,3901.0
REPLICATE,4,0.17084040392483094,4002.0
REPLICATE,4,0.1707881937775394,4101.0
REPLICATE,4,0.17089607691884312,4202.0
REPLICATE,4,0.17073548385444784,4301.0
REPLICATE,4,0.17072751356335653,4402.0
REPLICATE,4,0.17075328926405522,4502.0
REPLICATE,4,0.17082092043685168,4602.0
REPLICATE,4,0.17072518228543604,4702.0
REPLICATE,4,0.17081088027028796,4802.0
REPLICATE,4,0.17100479895509618,4902.0
REPLICATE,4,0.17074884860229197,5003.0
REPLICATE,4,0.1722155056432687,2552.359999999999
REPLICATE,5,0.1822974211519905,101.0
REPLICATE,5,0.1791107998708077,201.0
REPLICATE,5,0.17891672613409704,301.0
REPLICATE,5,0.1763064439020543,401.0
REPLICATE,5,0.1764505047181395,502.0
REPLICATE,5,0.1744278691994958,601.0
REPLICATE,5,0.17422200250331324,730.0
REPLICATE,5,0.17424793629091534,801.0
REPLICATE,5,0.17305540350919343,901.0
REPLICATE,5,0.17327127012860616,1001.0
REPLICATE,5,0.1734182410566177,1102.0
REPLICATE,5,0.1717952091532831,1201.0
REPLICATE,5,0.17182823386314805,1302.0
REPLICATE,5,0.17246839027280328,1401.0
REPLICATE,5,0.171776877333143,1501.0
REPLICATE,5,0.17161417366363718,1602.0
REPLICATE,5,0.1713482760392967,1701.0
REPLICATE,5,0.1712789291656741,1801.0
REPLICATE,5,0.1713110006913086,1901.0
REPLICATE,5,0.1717617208191036,2001.0
REPLICATE,5,0.17119087546905062,2101.0
REPLICATE,5,0.17143159682753586,2202.0
REPLICATE,5,0.17139015521046222,2302.0
REPLICATE,5,0.17100481174523968,2402.0
REPLICATE,5,0.1711112816430416,2501.0
REPLICATE,5,0.17097621638626895,2602.0
REPLICATE,5,0.17122109088431883,2701.0
REPLICATE,5,0.17102250017322157,2801.0
REPLICATE,5,0.1708671676200212,2901.0
REPLICATE,5,0.17084119774269346,3001.0
REPLICATE,5,0.1708440115966458,3101.0
REPLICATE,5,0.1708562872541283,3217.0
REPLICATE,5,0.17074898185728674,3302.0
REPLICATE,5,0.17086812792803152,3401.0
REPLICATE,5,0.17095316884374376,3501.0
REPLICATE,5,0.17085728319186386,3601.0
REPLICATE,5,0.17091805655734138,3701.0
REPLICATE,5,0.1707956227796181,3802.0
REPLICATE,5,0.17081584226437785,3902.0
REPLICATE,5,0.17079479468122585,4003.0
REPLICATE,5,0.17072171717099682,4102.0
REPLICATE,5,0.17076896848215184,4202.0
REPLICATE,5,0.1707764665815923,4301.0
REPLICATE,5,0.17076413651930372,4401.0
REPLICATE,5,0.17071777694011794,4502.0
REPLICATE,5,0.17073116084873277,4601.0
REPLICATE,5,0.1708007014693958,4701.0
REPLICATE,5,0.1707302077867574,4803.0
REPLICATE,5,0.1707197852968519,4903.0
REPLICATE,5,0.1707105461643456,5001.0
REPLICATE,5,0.17215715934765985,2552.2999999999993
REPLICATE,6,0.179934781599524,101.0
REPLICATE,6,0.17807035936068857,201.0
REPLICATE,6,0.17763558902463342,302.0
REPLICATE,6,0.17615026681942253,401.0
REPLICATE,6,0.17533450688243554,502.0
REPLICATE,6,0.17448638629962768,601.0
REPLICATE,6,0.17456380732386614,702.0
REPLICATE,6,0.17409917212395484,801.0
REPLICATE,6,0.17335692155734428,901.0
REPLICATE,6,0.1728778656316625,1002.0
REPLICATE,6,0.17263799186173268,1101.0
REPLICATE,6,0.1723354795431528,1201.0
REPLICATE,6,0.17199954094181402,1301.0
REPLICATE,6,0.17177424214031914,1401.0
REPLICATE,6,0.17227964105977958,1502.0
REPLICATE,6,0.17161221450145048,1601.0
REPLICATE,6,0.17141606780025137,1701.0
REPLICATE,6,0.17114727384563158,1801.0
REPLICATE,6,0.1712090622080065,1902.0
REPLICATE,6,0.17107976065395764,2001.0
REPLICATE,6,0.17095619267531964,2101.0
REPLICATE,6,0.17100036430449544,2202.0
REPLICATE,6,0.1710584355184511,2302.0
REPLICATE,6,0.17084444057020665,2402.0
REPLICATE,6,0.17086982320991823,3157.0
REPLICATE,6,0.17083009538743,2601.0
REPLICATE,6,0.17084579771626981,2702.0
REPLICATE,6,0.17093445909699376,2803.0
REPLICATE,6,0.17093915269208676,2902.0
REPLICATE,6,0.17089171655138394,3002.0
REPLICATE,6,0.1708401958890367,3103.0
REPLICATE,6,0.17081442609787434,3202.0
REPLICATE,6,0.17074125229284168,3301.0
REPLICATE,6,0.17077125995694437,3401.0
REPLICATE,6,0.17084275174683497,3501.0
REPLICATE,6,0.17073529250374114,3602.0
REPLICATE,6,0.1707100994203962,3702.0
REPLICATE,6,0.1707001774866303,3801.0
REPLICATE,6,0.17075822850243702,3901.0
REPLICATE,6,0.17069300873542625,4002.0
REPLICATE,6,0.1707063836740251,4102.0
REPLICATE,6,0.17076130094165787,4201.0
REPLICATE,6,0.17069914853762047,4301.0
REPLICATE,6,0.17068735062659063,4402.0
REPLICATE,6,0.1706893364068594,4502.0
REPLICATE,6,0.17072171043972434,4602.0
REPLICATE,6,0.1706981465244271,4702.0
REPLICATE,6,0.1706975988522296,4801.0
REPLICATE,6,0.17070880122069382,4901.0
REPLICATE,6,0.17069393430442667,5049.0
REPLICATE,6,0.1719568362612445,2565.5799999999995
SINGLE_THREAD,1,0.1782261372065341,101.0
SINGLE_THREAD,1,0.17500206391756462,201.0
SINGLE_THREAD,1,0.17430213655056714,301.0
SINGLE_THREAD,1,0.17455588123865015,401.0
SINGLE_THREAD,1,0.1724459860344373,501.0
SINGLE_THREAD,1,0.17209113225071998,601.0
SINGLE_THREAD,1,0.17224764906733164,701.0
SINGLE_THREAD,1,0.17199060462293952,814.0
SINGLE_THREAD,1,0.1723042762614231,901.0
SINGLE_THREAD,1,0.170882790960985,1001.0
SINGLE_THREAD,1,0.17118122315014458,1101.0
SINGLE_THREAD,1,0.17084622522149978,1201.0
SINGLE_THREAD,1,0.17136293089033258,1301.0
SINGLE_THREAD,1,0.17095428178019365,1401.0
SINGLE_THREAD,1,0.17085824677816894,1501.0
SINGLE_THREAD,1,0.17114600102992797,1601.0
SINGLE_THREAD,1,0.17103065641643855,1701.0
SINGLE_THREAD,1,0.17128885201432484,1801.0
SINGLE_THREAD,1,0.171378348281376,1932.0
SINGLE_THREAD,1,0.17081584575593403,2001.0
SINGLE_THREAD,1,0.17080010016749905,2101.0
SINGLE_THREAD,1,0.17096333983195855,2201.0
SINGLE_THREAD,1,0.17087959878267903,2301.0
SINGLE_THREAD,1,0.17082758452102564,2401.0
SINGLE_THREAD,1,0.17103770641493354,2501.0
SINGLE_THREAD,1,0.17100693737987385,2601.0
SINGLE_THREAD,1,0.1708197959759366,2701.0
SINGLE_THREAD,1,0.17087780682732379,2802.0
SINGLE_THREAD,1,0.17118448694432556,2902.0
SINGLE_THREAD,1,0.17086976212412783,3001.0
SINGLE_THREAD,1,0.17089377920784762,3101.0
SINGLE_THREAD,1,0.17084544084662326,3201.0
SINGLE_THREAD,1,0.17105974008279354,3301.0
SINGLE_THREAD,1,0.17085554069626216,3401.0
SINGLE_THREAD,1,0.1715146840535904,3501.0
SINGLE_THREAD,1,0.17085808859701138,3601.0
SINGLE_THREAD,1,0.17086393966777397,3701.0
SINGLE_THREAD,1,0.17084533204606425,3801.0
SINGLE_THREAD,1,0.17100412385708294,3901.0
SINGLE_THREAD,1,0.1708698058718764,4001.0
SINGLE_THREAD,1,0.17094958662987497,4102.0
SINGLE_THREAD,1,0.17088713976864764,4201.0
SINGLE_THREAD,1,0.17084383353753083,4302.0
SINGLE_THREAD,1,0.1708145043399506,4401.0
SINGLE_THREAD,1,0.1708127219849749,4501.0
SINGLE_THREAD,1,0.17079885040560025,4602.0
SINGLE_THREAD,1,0.1708385000477118,4701.0
SINGLE_THREAD,1,0.17085751424416837,4801.0
SINGLE_THREAD,1,0.1708082028763382,4901.0
SINGLE_THREAD,1,0.17080767963273796,5001.0
SINGLE_THREAD,1,0.17144414793587273,2551.9799999999996
SINGLE_THREAD,2,0.17599674746770289,101.0
SINGLE_THREAD,2,0.18037879214686287,301.0
SINGLE_THREAD,2,0.17505817317605954,401.0
SINGLE_THREAD,2,0.17559650540335117,502.0
SINGLE_THREAD,2,0.1750303026159605,601.0
SINGLE_THREAD,2,0.17577531463761623,701.0
SINGLE_THREAD,2,0.17673119213718388,801.0
SINGLE_THREAD,2,0.1723305780635386,902.0
SINGLE_THREAD,2,0.17154442473002712,1001.0
SINGLE_THREAD,2,0.1734792296961163,1102.0
SINGLE_THREAD,2,0.17171032934293184,1201.0
SINGLE_THREAD,2,0.17182760567255168,1302.0
SINGLE_THREAD,2,0.171245164224092,1401.0
SINGLE_THREAD,2,0.17132810649486913,1501.0
SINGLE_THREAD,2,0.17086893127898817,1602.0
SINGLE_THREAD,2,0.1709362885620123,1702.0
SINGLE_THREAD,2,0.17210422093860375,1802.0
SINGLE_THREAD,2,0.17152950886704893,1902.0
SINGLE_THREAD,2,0.1708757189733023,2002.0
SINGLE_THREAD,2,0.17162742434247952,2132.0
SINGLE_THREAD,2,0.1708729299810537,2201.0
SINGLE_THREAD,2,0.17084309142954976,2302.0
SINGLE_THREAD,2,0.1713832006128576,2402.0
SINGLE_THREAD,2,0.1709077423172723,2501.0
SINGLE_THREAD,2,0.17088268531432185,2601.0
SINGLE_THREAD,2,0.1707798365157089,2702.0
SINGLE_THREAD,2,0.17091998548288737,2802.0
SINGLE_THREAD,2,0.17088313312382367,2902.0
SINGLE_THREAD,2,0.1711350537251292,3002.0
SINGLE_THREAD,2,0.17082840948348388,3102.0
SINGLE_THREAD,2,0.17076061376492577,3202.0
SINGLE_THREAD,2,0.17080677855393472,3302.0
SINGLE_THREAD,2,0.17080334124229982,3402.0
SINGLE_THREAD,2,0.17087559981456765,3502.0
SINGLE_THREAD,2,0.1708201305699526,3601.0
SINGLE_THREAD,2,0.1709413882378005,3701.0
SINGLE_THREAD,2,0.1708473173418464,3801.0
SINGLE_THREAD,2,0.17132976948598552,3901.0
SINGLE_THREAD,2,0.17086372029285504,4002.0
SINGLE_THREAD,2,0.17080062123683715,4102.0
SINGLE_THREAD,2,0.17080287814479123,4202.0
SINGLE_THREAD,2,0.17076517133618757,4302.0
SINGLE_THREAD,2,0.1715272744012532,4402.0
SINGLE_THREAD,2,0.17093224475783894,4501.0
SINGLE_THREAD,2,0.1709055252305996,4602.0
SINGLE_THREAD,2,0.17084819314242672,4702.0
SINGLE_THREAD,2,0.1708035571485779,4802.0
SINGLE_THREAD,2,0.171124561400533,4901.0
SINGLE_THREAD,2,0.17093309066343992,5002.0
SINGLE_THREAD,2,0.17643834417809146,2561.0199999999995
SINGLE_THREAD,3,0.17822475022002154,101.0
SINGLE_THREAD,3,0.17841025083738443,201.0
SINGLE_THREAD,3,0.1771592809567644,302.0
SINGLE_THREAD,3,0.17561599923077503,402.0
SINGLE_THREAD,3,0.17937417716699033,502.0
SINGLE_THREAD,3,0.1722935229289247,602.0
SINGLE_THREAD,3,0.17417213941577608,701.0
SINGLE_THREAD,3,0.1750818296071684,803.0
SINGLE_THREAD,3,0.17593409999578805,902.0
SINGLE_THREAD,3,0.17296116875041037,1001.0
SINGLE_THREAD,3,0.17407550488897242,1101.0
SINGLE_THREAD,3,0.17211265935663628,1202.0
SINGLE_THREAD,3,0.17266726837821317,1302.0
SINGLE_THREAD,3,0.17089103638946,1402.0
SINGLE_THREAD,3,0.17336826950139095,1502.0
SINGLE_THREAD,3,0.17136226836349455,1602.0
SINGLE_THREAD,3,0.17257926803319718,1701.0
SINGLE_THREAD,3,0.1712199778628327,1860.0
SINGLE_THREAD,3,0.17211981266575185,1902.0
SINGLE_THREAD,3,0.17083333314182625,2001.0
SINGLE_THREAD,3,0.1710384523237243,2101.0
SINGLE_THREAD,3,0.17077273408999596,2202.0
SINGLE_THREAD,3,0.17200482600481426,2301.0
SINGLE_THREAD,3,0.17076531399702086,2402.0
SINGLE_THREAD,3,0.1718367656435669,2502.0
SINGLE_THREAD,3,0.17073950704120444,2601.0
SINGLE_THREAD,3,0.17080619049653578,2701.0
SINGLE_THREAD,3,0.17083917376426838,2801.0
SINGLE_THREAD,3,0.17144829451202298,2901.0
SINGLE_THREAD,3,0.17115858538856765,3001.0
SINGLE_THREAD,3,0.17087949032095104,3102.0
SINGLE_THREAD,3,0.17102194126672307,3202.0
SINGLE_THREAD,3,0.17110758910905888,3302.0
SINGLE_THREAD,3,0.1708054601764537,3402.0
SINGLE_THREAD,3,0.17080228125310865,3502.0
SINGLE_THREAD,3,0.17075538909190996,3602.0
SINGLE_THREAD,3,0.17075665975703236,3702.0
SINGLE_THREAD,3,0.17088873079897837,3802.0
SINGLE_THREAD,3,0.1709013913088085,3902.0
SINGLE_THREAD,3,0.1710936923415824,4001.0
SINGLE_THREAD,3,0.17075202701847697,4101.0
SINGLE_THREAD,3,0.17077258859519742,4201.0
SINGLE_THREAD,3,0.17086862675932737,4301.0
SINGLE_THREAD,3,0.17086744169765558,4401.0
SINGLE_THREAD,3,0.1714897002974643,4501.0
SINGLE_THREAD,3,0.17087823718082218,4601.0
SINGLE_THREAD,3,0.17075029087313268,4702.0
SINGLE_THREAD,3,0.17279548047285453,4802.0
SINGLE_THREAD,3,0.17078393024182092,4902.0
SINGLE_THREAD,3,0.1707687274284389,5001.0
SINGLE_THREAD,3,0.17223212273886593,2552.7399999999993
SINGLE_THREAD,4,0.17815368403265033,102.0
SINGLE_THREAD,4,0.17731325488930302,201.0
SINGLE_THREAD,4,0.17811157816773449,302.0
SINGLE_THREAD,4,0.1761239945372314,401.0
SINGLE_THREAD,4,0.1767550358407826,501.0
SINGLE_THREAD,4,0.17694103609290143,602.0
SINGLE_THREAD,4,0.17266522006934454,701.0
SINGLE_THREAD,4,0.17433561014288648,801.0
SINGLE_THREAD,4,0.17269791778355895,902.0
SINGLE_THREAD,4,0.17208606221756054,1931.0
SINGLE_THREAD,4,0.17106853205318404,1102.0
SINGLE_THREAD,4,0.17252003906706867,1201.0
SINGLE_THREAD,4,0.17290520772211632,1301.0
SINGLE_THREAD,4,0.1726723304384926,1402.0
SINGLE_THREAD,4,0.17104745337150895,1502.0
SINGLE_THREAD,4,0.17367441083100374,1601.0
SINGLE_THREAD,4,0.17133839585997832,1702.0
SINGLE_THREAD,4,0.1712827042871773,1802.0
SINGLE_THREAD,4,0.17108209359837456,1901.0
SINGLE_THREAD,4,0.17128893234902842,2002.0
SINGLE_THREAD,4,0.17087015391227361,2102.0
SINGLE_THREAD,4,0.17092687092916686,2202.0
SINGLE_THREAD,4,0.1720076306846326,2302.0
SINGLE_THREAD,4,0.17143685555894306,2402.0
SINGLE_THREAD,4,0.17123188623090124,2501.0
SINGLE_THREAD,4,0.17131781200355625,2601.0
SINGLE_THREAD,4,0.17089343382660627,2702.0
SINGLE_THREAD,4,0.17091099997831097,2801.0
SINGLE_THREAD,4,0.17114548856545622,2901.0
SINGLE_THREAD,4,0.17080018918695344,3001.0
SINGLE_THREAD,4,0.17103890948610442,3102.0
SINGLE_THREAD,4,0.17124666341161476,3202.0
SINGLE_THREAD,4,0.17087672175083354,3302.0
SINGLE_THREAD,4,0.17082721921729951,3402.0
SINGLE_THREAD,4,0.17082128844307048,3502.0
SINGLE_THREAD,4,0.17086332885444108,3602.0
SINGLE_THREAD,4,0.17131174364013363,3702.0
SINGLE_THREAD,4,0.1709308500918762,3802.0
SINGLE_THREAD,4,0.1712146220830708,3901.0
SINGLE_THREAD,4,0.17079793276510666,4001.0
SINGLE_THREAD,4,0.17110550079091796,4101.0
SINGLE_THREAD,4,0.1710238932708884,4202.0
SINGLE_THREAD,4,0.17080928315544536,4302.0
SINGLE_THREAD,4,0.17099580392213876,4402.0
SINGLE_THREAD,4,0.17079577312237323,4501.0
SINGLE_THREAD,4,0.17081946374479398,4602.0
SINGLE_THREAD,4,0.17084451490283478,4702.0
SINGLE_THREAD,4,0.17129652505607845,4802.0
SINGLE_THREAD,4,0.17114534677140764,4902.0
SINGLE_THREAD,4,0.17079829768450513,5002.0
SINGLE_THREAD,4,0.17210336992787245,2570.2199999999993
SINGLE_THREAD,5,0.17847628066779997,101.0
SINGLE_THREAD,5,0.17683292052264565,201.0
SINGLE_THREAD,5,0.17266170672585937,302.0
SINGLE_THREAD,5,0.1751026069630742,402.0
SINGLE_THREAD,5,0.17170052760739224,501.0
SINGLE_THREAD,5,0.17132931332862691,602.0
SINGLE_THREAD,5,0.1742223389915996,702.0
SINGLE_THREAD,5,0.17204144006143957,801.0
SINGLE_THREAD,5,0.17269417558310746,902.0
SINGLE_THREAD,5,0.1719503586833437,1002.0
SINGLE_THREAD,5,0.17160891060156913,1102.0
SINGLE_THREAD,5,0.17094958546471595,1202.0
SINGLE_THREAD,5,0.17086682549041754,1302.0
SINGLE_THREAD,5,0.17076799702657156,1401.0
SINGLE_THREAD,5,0.17075487792108693,1501.0
SINGLE_THREAD,5,0.17128022997095446,1601.0
SINGLE_THREAD,5,0.17074389992134628,1702.0
SINGLE_THREAD,5,0.17073203720896912,1801.0
SINGLE_THREAD,5,0.17082629632059002,1902.0
SINGLE_THREAD,5,0.17097137495797646,2001.0
SINGLE_THREAD,5,0.1707586418154637,2102.0
SINGLE_THREAD,5,0.1707129643958759,2201.0
SINGLE_THREAD,5,0.17077025713522911,2302.0
SINGLE_THREAD,5,0.1708876726450665,2402.0
SINGLE_THREAD,5,0.17138712140242482,2501.0
SINGLE_THREAD,5,0.1709407274323531,2601.0
SINGLE_THREAD,5,0.17101371786727307,2702.0
SINGLE_THREAD,5,0.17092146444157522,2802.0
SINGLE_THREAD,5,0.1707316701332766,2902.0
SINGLE_THREAD,5,0.17070854439902733,3002.0
SINGLE_THREAD,5,0.17101099198342543,3102.0
SINGLE_THREAD,5,0.1708798956931055,3202.0
SINGLE_THREAD,5,0.17072644662200417,3302.0
SINGLE_THREAD,5,0.17120969627209923,3402.0
SINGLE_THREAD,5,0.17076554598670476,3501.0
SINGLE_THREAD,5,0.17093157478106233,3602.0
SINGLE_THREAD,5,0.17100381192639763,3702.0
SINGLE_THREAD,5,0.17075851592731886,3801.0
SINGLE_THREAD,5,0.17125810313362216,3902.0
SINGLE_THREAD,5,0.17072295554951802,4002.0
SINGLE_THREAD,5,0.1708523970473852,4102.0
SINGLE_THREAD,5,0.17079443474593076,4202.0
SINGLE_THREAD,5,0.17079481795404222,4302.0
SINGLE_THREAD,5,0.17070928323302886,4402.0
SINGLE_THREAD,5,0.17088041059383732,4501.0
SINGLE_THREAD,5,0.17071221543953108,4602.0
SINGLE_THREAD,5,0.17083458667204077,4702.0
SINGLE_THREAD,5,0.17087637214827175,4802.0
SINGLE_THREAD,5,0.1708657010488713,4902.0
SINGLE_THREAD,5,0.17071405143304802,5001.0
SINGLE_THREAD,5,0.17145296587755793,2551.6799999999994
SINGLE_THREAD,6,0.17734772229835374,131.0
SINGLE_THREAD,6,0.18443013141959255,202.0
SINGLE_THREAD,6,0.18886884506458004,302.0
SINGLE_THREAD,6,0.17328943010730427,401.0
SINGLE_THREAD,6,0.17362410855871355,502.0
SINGLE_THREAD,6,0.17558618612962126,601.0
SINGLE_THREAD,6,0.17542650228619489,702.0
SINGLE_THREAD,6,0.17350991122102113,802.0
SINGLE_THREAD,6,0.1742284293124524,902.0
SINGLE_THREAD,6,0.1714629793817295,1001.0
SINGLE_THREAD,6,0.1795873572983008,1101.0
SINGLE_THREAD,6,0.17341397159886787,1202.0
SINGLE_THREAD,6,0.17120953065961472,1302.0
SINGLE_THREAD,6,0.17174228517782458,1402.0
SINGLE_THREAD,6,0.17195439123914585,1501.0
SINGLE_THREAD,6,0.17098441816075355,1602.0
SINGLE_THREAD,6,0.1708312659137866,1702.0
SINGLE_THREAD,6,0.17253943942598904,1801.0
SINGLE_THREAD,6,0.17091559642514034,1902.0
SINGLE_THREAD,6,0.1708121439753043,2001.0
SINGLE_THREAD,6,0.17203300598105822,2102.0
SINGLE_THREAD,6,0.17130119205781108,2202.0
SINGLE_THREAD,6,0.1714898596578896,3117.0
SINGLE_THREAD,6,0.17404691144961484,2402.0
SINGLE_THREAD,6,0.1710971351826898,2502.0
SINGLE_THREAD,6,0.17074152233202972,2602.0
SINGLE_THREAD,6,0.1707730533596054,2701.0
SINGLE_THREAD,6,0.17087578701556994,2802.0
SINGLE_THREAD,6,0.1711187393661543,2903.0
SINGLE_THREAD,6,0.1715515834044079,3002.0
SINGLE_THREAD,6,0.17165894262890932,3102.0
SINGLE_THREAD,6,0.17093271589453454,3202.0
SINGLE_THREAD,6,0.1719371105813345,3302.0
SINGLE_THREAD,6,0.17098012941943141,3402.0
SINGLE_THREAD,6,0.17074400559393305,3501.0
SINGLE_THREAD,6,0.17087258057385668,3602.0
SINGLE_THREAD,6,0.17128052195319912,3702.0
SINGLE_THREAD,6,0.17087412170131547,3802.0
SINGLE_THREAD,6,0.17073309817136487,3902.0
SINGLE_THREAD,6,0.1710265250930728,4002.0
SINGLE_THREAD,6,0.17085431342606108,4102.0
SINGLE_THREAD,6,0.17127948607040983,4202.0
SINGLE_THREAD,6,0.17094791041937957,4302.0
SINGLE_THREAD,6,0.17078807459502401,4402.0
SINGLE_THREAD,6,0.17096660009348466,4502.0
SINGLE_THREAD,6,0.17071518837655725,4602.0
SINGLE_THREAD,6,0.1709945772532413,4721.0
SINGLE_THREAD,6,0.1707383422898376,4802.0
SINGLE_THREAD,6,0.17077756738764818,4902.0
SINGLE_THREAD,6,0.1708749358679949,5002.0
SINGLE_THREAD,6,0.17253540365703424,2569.0999999999995
