NORMAL,1,0.17087703974770882,3762.0
NORMAL,1,0.17085626426882072,3699.0
NORMAL,1,0.17117614241047455,3660.0
NORMAL,1,0.17088551080486694,3682.0
NORMAL,1,0.17088739089858285,3660.0
NORMAL,1,0.17089188018517867,3659.0
NORMAL,1,0.1710453867624591,3655.0
NORMAL,1,0.17087125724700367,3684.0
NORMAL,1,0.17086184883498992,3660.0
NORMAL,1,0.1711663592998362,3737.0
NORMAL,1,0.17084932279106727,3678.0
NORMAL,1,0.17090622779748993,3763.0
NORMAL,1,0.17087154385741127,3692.0
NORMAL,1,0.17086502178054164,3662.0
NORMAL,1,0.17086057944095487,3657.0
NORMAL,1,0.17088584248774769,3678.0
NORMAL,1,0.1709846108599136,3661.0
NORMAL,1,0.17087635692192693,3655.0
NORMAL,1,0.1709621998654537,3656.0
NORMAL,1,0.17091531969105003,3666.0
NORMAL,1,0.17086942099206354,3653.0
NORMAL,1,0.1709910828838091,3667.0
NORMAL,1,0.17087771111404368,3659.0
NORMAL,1,0.1710705490175575,3654.0
NORMAL,1,0.17090456195679204,3674.0
NORMAL,1,0.17092084655066456,3660.0
NORMAL,1,0.17095581212287966,3649.0
NORMAL,1,0.17109324724848596,3672.0
NORMAL,1,0.17086240220706433,3662.0
NORMAL,1,0.1710273351991723,3712.0
NORMAL,1,0.1709169316543298,3678.0
NORMAL,1,0.1709899930559015,3669.0
NORMAL,1,0.1710873394949503,3662.0
NORMAL,1,0.17090415373719509,3667.0
NORMAL,1,0.17096124713600014,3658.0
NORMAL,1,0.17101352000528783,3658.0
NORMAL,1,0.1708638032792369,3653.0
NORMAL,1,0.1709093511827882,3762.0
NORMAL,1,0.17096752427315617,3658.0
NORMAL,1,0.17087583824271918,3676.0
NORMAL,1,0.1708599636466538,3673.0
NORMAL,1,0.1709060909767889,3653.0
NORMAL,1,0.17106409373357132,3655.0
NORMAL,1,0.1708608393545615,3663.0
NORMAL,1,0.17097249647766619,3651.0
NORMAL,1,0.17085742835489778,3680.0
NORMAL,1,0.17095838362360094,3773.0
NORMAL,1,0.17089786149974442,3719.0
NORMAL,1,0.17086780418348463,3661.0
NORMAL,1,0.17088037419770616,3651.0
NORMAL,1,0.170933682267125,3676.1599999999985
NORMAL,2,0.1710648449003629,2979.0
NORMAL,2,0.17099177112013472,2985.0
NORMAL,2,0.17084455779745142,2886.0
NORMAL,2,0.1711461513765686,2890.0
NORMAL,2,0.1709307435365961,3000.0
NORMAL,2,0.1708471397179499,2942.0
NORMAL,2,0.17174724751590575,2979.0
NORMAL,2,0.1710110491795691,2874.0
NORMAL,2,0.17160692482139156,2892.0
NORMAL,2,0.17252933479280824,3031.0
NORMAL,2,0.1712577447313714,3001.0
NORMAL,2,0.1710132910547506,3022.0
NORMAL,2,0.1714404592861617,3048.0
NORMAL,2,0.17084123533023907,2927.0
NORMAL,2,0.17105103888160955,3009.0
NORMAL,2,0.17275221852038813,2953.0
NORMAL,2,0.17096868990316713,3019.0
NORMAL,2,0.17097088772634064,2891.0
NORMAL,2,0.17081343086673534,2911.0
NORMAL,2,0.17080765642700219,2981.0
NORMAL,2,0.17088462674572014,3078.0
NORMAL,2,0.17108804319129198,2987.0
NORMAL,2,0.17087053186748108,2969.0
NORMAL,2,0.17106958226247315,3000.0
NORMAL,2,0.17083462962746526,2872.0
NORMAL,2,0.17117112804872486,2903.0
NORMAL,2,0.17082503501207463,3002.0
NORMAL,2,0.1720024848689023,2998.0
NORMAL,2,0.1708129352960919,2873.0
NORMAL,2,0.17090242255484991,2895.0
NORMAL,2,0.1709981533674894,3017.0
NORMAL,2,0.17083566397949712,2964.0
NORMAL,2,0.17085961154831414,2882.0
NORMAL,2,0.17110300478651438,2929.0
NORMAL,2,0.1709345789586126,2886.0
NORMAL,2,0.17104938427594532,2931.0
NORMAL,2,0.17215863481989252,3028.0
NORMAL,2,0.17092129545282067,3000.0
NORMAL,2,0.17084775651813916,3045.0
NORMAL,2,0.17181018470056192,2887.0
NORMAL,2,0.17086355668093126,2912.0
NORMAL,2,0.17105213319130594,3019.0
NORMAL,2,0.1719089787557124,2999.0
NORMAL,2,0.17094073913732347,2886.0
NORMAL,2,0.17096098537245338,2989.0
NORMAL,2,0.17279173284105787,3006.0
NORMAL,2,0.17107453211782964,2875.0
NORMAL,2,0.17087379463898572,2902.0
NORMAL,2,0.1709407452515714,3048.0
NORMAL,2,0.17093297111647135,2987.0
NORMAL,2,0.17117912548946015,2959.7799999999993
NORMAL,3,0.17089316824943618,2179.0
NORMAL,3,0.17085836189864653,2152.0
NORMAL,3,0.17093511213310508,2187.0
NORMAL,3,0.17104416318822122,2136.0
NORMAL,3,0.17087374770248118,2072.0
NORMAL,3,0.17095634037296367,2143.0
NORMAL,3,0.17096924848461764,2080.0
NORMAL,3,0.1709158132443099,2040.0
NORMAL,3,0.17111246494079793,2157.0
NORMAL,3,0.17128404465759978,2186.0
NORMAL,3,0.1708760640880351,2169.0
NORMAL,3,0.17140431202892906,2118.0
NORMAL,3,0.17096896872514938,2086.0
NORMAL,3,0.17087311680360098,2065.0
NORMAL,3,0.17092158910448896,2095.0
NORMAL,3,0.17095209387711588,2156.0
NORMAL,3,0.17084590665281485,2160.0
NORMAL,3,0.17105402013894047,2084.0
NORMAL,3,0.17096868051572378,2098.0
NORMAL,3,0.17084469842539468,2059.0
NORMAL,3,0.17145310109030984,2075.0
NORMAL,3,0.17094681867654468,2140.0
NORMAL,3,0.17086966711230933,2113.0
NORMAL,3,0.1708914410965396,2044.0
NORMAL,3,0.17088292513778397,2051.0
NORMAL,3,0.17087795066191683,2161.0
NORMAL,3,0.1709458009071058,2167.0
NORMAL,3,0.17098838638384933,2084.0
NORMAL,3,0.17087788191929568,2178.0
NORMAL,3,0.1709003927842727,2146.0
NORMAL,3,0.17102241905017077,2161.0
NORMAL,3,0.17094790309918165,2145.0
NORMAL,3,0.17095063565721152,2154.0
NORMAL,3,0.17091352023794107,2059.0
NORMAL,3,0.1713726709633265,2086.0
NORMAL,3,0.17088595639611961,2118.0
NORMAL,3,0.17085749702869,2193.0
NORMAL,3,0.1708908662223309,2081.0
NORMAL,3,0.17085798280902442,2096.0
NORMAL,3,0.1709350145039647,2036.0
NORMAL,3,0.1712214844237849,2104.0
NORMAL,3,0.17098998807869262,2105.0
NORMAL,3,0.17097950575686083,2113.0
NORMAL,3,0.17095887653054617,2075.0
NORMAL,3,0.17096027634388536,2096.0
NORMAL,3,0.1708668278021451,2063.0
NORMAL,3,0.17098639899849735,2062.0
NORMAL,3,0.17093599288126415,2094.0
NORMAL,3,0.17115856544341915,2084.0
NORMAL,3,0.17088333681137402,2063.0
NORMAL,3,0.17097524000081465,2111.38
NORMAL,4,0.17089380024464015,1684.0
NORMAL,4,0.1709005448709553,1704.0
NORMAL,4,0.17091103997758514,1711.0
NORMAL,4,0.17112137728062005,1688.0
NORMAL,4,0.17089028124995712,1669.0
NORMAL,4,0.17127828563028616,1768.0
NORMAL,4,0.1716402965290234,1678.0
NORMAL,4,0.17094011608764628,1665.0
NORMAL,4,0.17094263397138643,1727.0
NORMAL,4,0.1709689469760583,1772.0
NORMAL,4,0.17120651904616832,1638.0
NORMAL,4,0.1737967810648029,1705.0
NORMAL,4,0.17155179220495154,1680.0
NORMAL,4,0.1713289229518261,1706.0
NORMAL,4,0.17147346605986893,1769.0
NORMAL,4,0.17093234190498832,1691.0
NORMAL,4,0.1710361909322971,1691.0
NORMAL,4,0.17108412570059914,1704.0
NORMAL,4,0.17090059280038225,1735.0
NORMAL,4,0.17098195416299017,1724.0
NORMAL,4,0.17139198299602695,1722.0
NORMAL,4,0.17093238673267186,1667.0
NORMAL,4,0.17116394643966948,1716.0
NORMAL,4,0.17088605751331293,1709.0
NORMAL,4,0.1726531522203152,1755.0
NORMAL,4,0.17095893958843678,1740.0
NORMAL,4,0.17144739396138664,1655.0
NORMAL,4,0.17085487675879674,1676.0
NORMAL,4,0.17110731517490152,1734.0
NORMAL,4,0.17114396845390534,1744.0
NORMAL,4,0.1708913856840936,1736.0
NORMAL,4,0.17182617097184896,1775.0
NORMAL,4,0.1712548381607426,1675.0
NORMAL,4,0.1711333050843131,1664.0
NORMAL,4,0.17143278732051365,1654.0
NORMAL,4,0.1713344749271703,2364.0
NORMAL,4,0.1708875136718654,1718.0
NORMAL,4,0.17158190260694303,1648.0
NORMAL,4,0.17144157561574133,1687.0
NORMAL,4,0.17165370196620916,1755.0
NORMAL,4,0.17121500181154162,1665.0
NORMAL,4,0.17163391438821193,1756.0
NORMAL,4,0.1721928815642755,1735.0
NORMAL,4,0.1711720233701908,1679.0
NORMAL,4,0.17216083730904141,1695.0
NORMAL,4,0.17125180038989063,1723.0
NORMAL,4,0.1709274141298832,1648.0
NORMAL,4,0.171077875506463,1652.0
NORMAL,4,0.17140600348787474,1663.0
NORMAL,4,0.17089984504165134,1697.0
NORMAL,4,0.17129390564989846,1716.32
NORMAL,5,0.17112833643864914,1484.0
NORMAL,5,0.17108749462991507,1478.0
NORMAL,5,0.17090186745418715,1470.0
NORMAL,5,0.17107999009144806,1484.0
NORMAL,5,0.17091651326733343,1497.0
NORMAL,5,0.17087411503208802,1499.0
NORMAL,5,0.17093966958403758,1516.0
NORMAL,5,0.17090800399843697,1478.0
NORMAL,5,0.17092954938214536,1528.0
NORMAL,5,0.1708842181582404,1531.0
NORMAL,5,0.17092080363733067,1533.0
NORMAL,5,0.17134124560246816,1519.0
NORMAL,5,0.170882387535734,1537.0
NORMAL,5,0.17085449575890224,1493.0
NORMAL,5,0.1710392235888503,1462.0
NORMAL,5,0.1709322375189525,1473.0
NORMAL,5,0.1712596080617428,1542.0
NORMAL,5,0.17091962991179238,1506.0
NORMAL,5,0.17204119466254378,1525.0
NORMAL,5,0.1709601772733193,1494.0
NORMAL,5,0.17090121240643663,1493.0
NORMAL,5,0.17105523597907565,1453.0
NORMAL,5,0.1709692581332717,1504.0
NORMAL,5,0.17115758646647358,1438.0
NORMAL,5,0.17131671418445416,1558.0
NORMAL,5,0.1709690351135962,1515.0
NORMAL,5,0.170888264987131,1479.0
NORMAL,5,0.17110490600218994,1502.0
NORMAL,5,0.17095694339860854,1529.0
NORMAL,5,0.1708836442187708,1464.0
NORMAL,5,0.1716967447080535,1464.0
NORMAL,5,0.17091812564947104,1541.0
NORMAL,5,0.17109880829127835,1557.0
NORMAL,5,0.17101562724647149,1501.0
NORMAL,5,0.17091307447673212,1459.0
NORMAL,5,0.17112816019263632,1534.0
NORMAL,5,0.17110099542371224,1410.0
NORMAL,5,0.17091157316106,1536.0
NORMAL,5,0.17181660022695786,1466.0
NORMAL,5,0.17089604360140415,1496.0
NORMAL,5,0.171012831062901,1426.0
NORMAL,5,0.1711048738436679,1503.0
NORMAL,5,0.17086284725636725,1513.0
NORMAL,5,0.17099939779827328,1504.0
NORMAL,5,0.1708750620345696,1468.0
NORMAL,5,0.17090757782223648,1516.0
NORMAL,5,0.17095191738953522,1523.0
NORMAL,5,0.17133685784074248,1546.0
NORMAL,5,0.17113075437340572,1479.0
NORMAL,5,0.17086109479918055,1486.0
NORMAL,5,0.17105085059353567,1498.2399999999998
NORMAL,6,0.1708900779631672,1433.0
NORMAL,6,0.1708928629764521,1440.0
NORMAL,6,0.17096592129704563,1456.0
NORMAL,6,0.17120793378540797,1390.0
NORMAL,6,0.1709127608035488,1418.0
NORMAL,6,0.17122856337217382,1412.0
NORMAL,6,0.17095531350132256,1398.0
NORMAL,6,0.17097660267218098,1430.0
NORMAL,6,0.17090878027051298,1457.0
NORMAL,6,0.17097614830573785,1423.0
NORMAL,6,0.1714162857684203,1426.0
NORMAL,6,0.17095271283010688,1472.0
NORMAL,6,0.17096356028629298,1378.0
NORMAL,6,0.17117724702366555,1388.0
NORMAL,6,0.17114709728904384,1365.0
NORMAL,6,0.17142640539595436,1433.0
NORMAL,6,0.17105939947644844,1380.0
NORMAL,6,0.17090537477435566,1431.0
NORMAL,6,0.17095304628036395,1486.0
NORMAL,6,0.17093781983875217,1435.0
NORMAL,6,0.17099689345007077,1450.0
NORMAL,6,0.1710365572252213,1431.0
NORMAL,6,0.1715374633338444,1460.0
NORMAL,6,0.1709149462068514,1421.0
NORMAL,6,0.17092024366247688,1386.0
NORMAL,6,0.17098801928263446,1431.0
NORMAL,6,0.17092038617093236,1481.0
NORMAL,6,0.1711719566486414,1386.0
NORMAL,6,0.17165983964637876,1364.0
NORMAL,6,0.17109825128102213,1411.0
NORMAL,6,0.17109189754043136,1468.0
NORMAL,6,0.17087616885845588,1413.0
NORMAL,6,0.17096480830846703,1452.0
NORMAL,6,0.17094120868556414,2011.0
NORMAL,6,0.1710720672553295,1450.0
NORMAL,6,0.1708916925263185,1429.0
NORMAL,6,0.17092770549899694,1461.0
NORMAL,6,0.17095259474562066,1424.0
NORMAL,6,0.17091414326946508,1405.0
NORMAL,6,0.1710362015011676,1430.0
NORMAL,6,0.17140827680512263,1388.0
NORMAL,6,0.1709289972330404,1417.0
NORMAL,6,0.1711218017078013,1424.0
NORMAL,6,0.1710173936971142,1406.0
NORMAL,6,0.17091412188796903,1456.0
NORMAL,6,0.17136847603188127,1399.0
NORMAL,6,0.17094636737328758,1431.0
NORMAL,6,0.17093369442536294,1395.0
NORMAL,6,0.1710654119678334,1486.0
NORMAL,6,0.17095150037921764,1405.0
NORMAL,6,0.17104846001034946,1436.4399999999996
LOCK,1,0.17085647550059999,3855.0
LOCK,1,0.17107423246306838,3780.0
LOCK,1,0.17086915696098856,3712.0
LOCK,1,0.17090645810858449,3729.0
LOCK,1,0.17085482081229064,3798.0
LOCK,1,0.17105034645653563,3702.0
LOCK,1,0.170961764828141,3765.0
LOCK,1,0.17135954134712345,3733.0
LOCK,1,0.1708381976562682,3999.0
LOCK,1,0.17089130714834486,3906.0
LOCK,1,0.1710266477868071,3733.0
LOCK,1,0.1709072471558651,3757.0
LOCK,1,0.17083568304682004,3736.0
LOCK,1,0.17110308878604252,3687.0
LOCK,1,0.17090686032101335,3759.0
LOCK,1,0.17083550677621706,3809.0
LOCK,1,0.17086916891875914,3833.0
LOCK,1,0.1709153540264964,3698.0
LOCK,1,0.17085502684945866,3726.0
LOCK,1,0.1708479517569062,3716.0
LOCK,1,0.1708539423040323,3713.0
LOCK,1,0.1708622241401269,3741.0
LOCK,1,0.1710024366645007,3745.0
LOCK,1,0.1708406249918996,3718.0
LOCK,1,0.17085107962376292,3736.0
LOCK,1,0.17086551142158668,3741.0
LOCK,1,0.17085203126113507,3820.0
LOCK,1,0.17086493287203774,3717.0
LOCK,1,0.17085470424957078,3728.0
LOCK,1,0.17088825707580546,3720.0
LOCK,1,0.17084973797073583,3691.0
LOCK,1,0.1708785549826376,3685.0
LOCK,1,0.17084018985858257,3705.0
LOCK,1,0.17094430505683658,3700.0
LOCK,1,0.17083399550450418,3709.0
LOCK,1,0.17090493468628026,3696.0
LOCK,1,0.1708375300955767,3732.0
LOCK,1,0.1708338028968224,3742.0
LOCK,1,0.17085756790362502,3764.0
LOCK,1,0.1708368808084124,3753.0
LOCK,1,0.17093003431114528,3727.0
LOCK,1,0.1708550007404892,3727.0
LOCK,1,0.17087635347107433,3728.0
LOCK,1,0.17085151254156652,3726.0
LOCK,1,0.17092918337569715,3750.0
LOCK,1,0.17083391970189962,3724.0
LOCK,1,0.1708762169335344,3761.0
LOCK,1,0.17111671216741164,3817.0
LOCK,1,0.1708586135735868,3769.0
LOCK,1,0.1709024032696463,3736.0
LOCK,1,0.17090296062321705,3749.08
LOCK,2,0.17092157275075953,3080.0
LOCK,2,0.1709851613172387,3090.0
LOCK,2,0.17088799361927837,3097.0
LOCK,2,0.17085197886412423,3090.0
LOCK,2,0.17100079744059374,3027.0
LOCK,2,0.17093476531392707,3137.0
LOCK,2,0.17086477772400185,3097.0
LOCK,2,0.17086701318983746,3041.0
LOCK,2,0.17101878378229934,3102.0
LOCK,2,0.17091550291467447,3052.0
LOCK,2,0.17085943473635862,3081.0
LOCK,2,0.17088869687296224,3082.0
LOCK,2,0.17091467224087617,3038.0
LOCK,2,0.1708790051548971,3089.0
LOCK,2,0.17084103538226741,3260.0
LOCK,2,0.17089132217274708,3089.0
LOCK,2,0.17089499688686033,3088.0
LOCK,2,0.170878637695972,3067.0
LOCK,2,0.1708522142365247,3080.0
LOCK,2,0.17086053011816596,3046.0
LOCK,2,0.1712725720533253,3096.0
LOCK,2,0.17086216124173625,3153.0
LOCK,2,0.1708478236544088,3048.0
LOCK,2,0.1708670760669166,3130.0
LOCK,2,0.17091136740673257,3082.0
LOCK,2,0.17086995784427803,3111.0
LOCK,2,0.17089010865115425,3076.0
LOCK,2,0.17114243647505184,3066.0
LOCK,2,0.17087036312415727,3011.0
LOCK,2,0.17085323549448572,3150.0
LOCK,2,0.17091822004905527,3084.0
LOCK,2,0.1710032465441945,3082.0
LOCK,2,0.17086990241807123,3140.0
LOCK,2,0.17111317428544312,3079.0
LOCK,2,0.1708915447254003,3106.0
LOCK,2,0.17087551558418318,3193.0
LOCK,2,0.17086142596820056,3098.0
LOCK,2,0.17088842254984904,3062.0
LOCK,2,0.17084695536414926,3234.0
LOCK,2,0.17086397526434102,3075.0
LOCK,2,0.17095901949074188,3077.0
LOCK,2,0.1708576857676803,3102.0
LOCK,2,0.17090682250793576,3139.0
LOCK,2,0.17121961278718403,3044.0
LOCK,2,0.17091464969919234,3086.0
LOCK,2,0.17087761945317412,3098.0
LOCK,2,0.17088043272360137,3092.0
LOCK,2,0.17099032994840785,3147.0
LOCK,2,0.17102679058134856,3076.0
LOCK,2,0.1716817637589344,3085.0
LOCK,2,0.170936862077954,3095.1
LOCK,3,0.17112816339403805,2233.0
LOCK,3,0.17084437988904863,2206.0
LOCK,3,0.1709370641684879,2262.0
LOCK,3,0.17085297762817303,2183.0
LOCK,3,0.17087478368689415,2224.0
LOCK,3,0.17084755234295657,2228.0
LOCK,3,0.17084381720844988,2238.0
LOCK,3,0.17133458999240095,2178.0
LOCK,3,0.1708657947868462,2240.0
LOCK,3,0.171045790173551,2194.0
LOCK,3,0.17086822283985603,2264.0
LOCK,3,0.17087437769156463,2207.0
LOCK,3,0.1710221966912161,2212.0
LOCK,3,0.1709564218419056,2196.0
LOCK,3,0.1709602193048362,2212.0
LOCK,3,0.1709275628251641,2213.0
LOCK,3,0.17089131559858947,2278.0
LOCK,3,0.17088372225419884,2192.0
LOCK,3,0.1708748971334681,2210.0
LOCK,3,0.1709101491177321,2165.0
LOCK,3,0.17099808268663882,2214.0
LOCK,3,0.1712179570478129,2211.0
LOCK,3,0.17085386198651623,2176.0
LOCK,3,0.17086903478063545,2229.0
LOCK,3,0.17113228057076363,2237.0
LOCK,3,0.17094764678181373,2212.0
LOCK,3,0.17086806471626237,2278.0
LOCK,3,0.17098830445078864,2183.0
LOCK,3,0.17106040135765455,2225.0
LOCK,3,0.17099146486534927,2197.0
LOCK,3,0.1716273776383775,2211.0
LOCK,3,0.17086019281252093,2188.0
LOCK,3,0.17084093164291164,2287.0
LOCK,3,0.17087151045627588,2162.0
LOCK,3,0.17092154275164917,2234.0
LOCK,3,0.1708716798259077,2278.0
LOCK,3,0.17093228073066594,2224.0
LOCK,3,0.17095507925092573,2185.0
LOCK,3,0.17098470076188038,2216.0
LOCK,3,0.17083967893956326,2229.0
LOCK,3,0.17088875628472344,2226.0
LOCK,3,0.17086187887169615,2182.0
LOCK,3,0.17090021693086305,2206.0
LOCK,3,0.17085682634973365,2194.0
LOCK,3,0.17090856801652085,2251.0
LOCK,3,0.1708505765673734,2197.0
LOCK,3,0.17088736677125435,2201.0
LOCK,3,0.17094543752798408,2169.0
LOCK,3,0.17089649186648528,2223.0
LOCK,3,0.1709386392735221,2206.0
LOCK,3,0.170946216621689,2215.32
LOCK,4,0.17086541456115364,1777.0
LOCK,4,0.1710579969087686,1763.0
LOCK,4,0.17087629969732654,1755.0
LOCK,4,0.17089096003596344,1810.0
LOCK,4,0.17086735840753708,1801.0
LOCK,4,0.17086596486174652,1835.0
LOCK,4,0.17096795294791858,1769.0
LOCK,4,0.17086909432864175,1799.0
LOCK,4,0.17088892872584635,1804.0
LOCK,4,0.17123239066032075,1800.0
LOCK,4,0.1709740784171512,1760.0
LOCK,4,0.17089430163281433,1821.0
LOCK,4,0.17110144388425313,1806.0
LOCK,4,0.17084086157715395,1826.0
LOCK,4,0.1709612696857008,1819.0
LOCK,4,0.1710042208217017,1832.0
LOCK,4,0.17087851571007878,1845.0
LOCK,4,0.1709434382622157,1753.0
LOCK,4,0.1709739598405627,1811.0
LOCK,4,0.17086255244204038,1792.0
LOCK,4,0.17091257782747754,1813.0
LOCK,4,0.1709817515116501,2335.0
LOCK,4,0.1710241305721883,1768.0
LOCK,4,0.17097706471289179,1759.0
LOCK,4,0.1709478007012792,1789.0
LOCK,4,0.17085821649938335,1785.0
LOCK,4,0.17087661083813885,1782.0
LOCK,4,0.1708605924373991,1826.0
LOCK,4,0.17087441968988978,1768.0
LOCK,4,0.17088261540901006,1754.0
LOCK,4,0.17101633903116675,1785.0
LOCK,4,0.17099756246894685,1807.0
LOCK,4,0.17084600459413218,1740.0
LOCK,4,0.17084776511234984,1809.0
LOCK,4,0.1708677025170067,1753.0
LOCK,4,0.17084757399128064,1786.0
LOCK,4,0.1709237406183573,1842.0
LOCK,4,0.1708741378958465,1759.0
LOCK,4,0.1708808472357457,1771.0
LOCK,4,0.17091167419065265,1810.0
LOCK,4,0.17084286062010146,1754.0
LOCK,4,0.17090425624060573,1843.0
LOCK,4,0.1709368734750754,1792.0
LOCK,4,0.17090030956645724,1774.0
LOCK,4,0.1708466730745523,1802.0
LOCK,4,0.17086007486223947,1813.0
LOCK,4,0.17089075126957085,1815.0
LOCK,4,0.17088097846717706,1765.0
LOCK,4,0.17100358006681135,1806.0
LOCK,4,0.17085723970298353,1860.0
LOCK,4,0.17091899457218526,1804.8599999999997
LOCK,5,0.17099375627573257,1617.0
LOCK,5,0.17088952335069998,1701.0
LOCK,5,0.17087262132130535,1578.0
LOCK,5,0.17087822218748933,1574.0
LOCK,5,0.17103647640657157,1603.0
LOCK,5,0.17087085020063175,1552.0
LOCK,5,0.17092765864438356,1536.0
LOCK,5,0.17090841400810583,1668.0
LOCK,5,0.1708948135069161,1744.0
LOCK,5,0.17098634929905787,1603.0
LOCK,5,0.1708733418627689,1682.0
LOCK,5,0.17086259510653012,1579.0
LOCK,5,0.1709367995226768,1749.0
LOCK,5,0.17087683305517928,1588.0
LOCK,5,0.1709510627996752,1794.0
LOCK,5,0.17095890005974052,1595.0
LOCK,5,0.1709073281807665,1702.0
LOCK,5,0.17097998826890137,1568.0
LOCK,5,0.17084701151765055,1587.0
LOCK,5,0.17107360641171726,1648.0
LOCK,5,0.17087128778629598,1565.0
LOCK,5,0.1708603608326747,1697.0
LOCK,5,0.17086528509041465,1557.0
LOCK,5,0.17096013033717938,1640.0
LOCK,5,0.1709892341395702,1561.0
LOCK,5,0.1709769138286353,1676.0
LOCK,5,0.1708742916224197,1710.0
LOCK,5,0.17088112919408716,1614.0
LOCK,5,0.17139175240415824,1564.0
LOCK,5,0.17086020928897816,1673.0
LOCK,5,0.17085882217743462,1650.0
LOCK,5,0.17089595780922037,1569.0
LOCK,5,0.17093939948344225,1677.0
LOCK,5,0.17088993804454924,1567.0
LOCK,5,0.17096717126134703,1694.0
LOCK,5,0.17088519171337463,1604.0
LOCK,5,0.17087184597072544,1603.0
LOCK,5,0.1709195741419935,1680.0
LOCK,5,0.17099712923031832,1706.0
LOCK,5,0.17087198768532363,1658.0
LOCK,5,0.17091225048264405,1573.0
LOCK,5,0.1709333989808752,1677.0
LOCK,5,0.1708828023793994,1629.0
LOCK,5,0.17089002755734928,1591.0
LOCK,5,0.1708572508544132,1670.0
LOCK,5,0.17089175859939296,1568.0
LOCK,5,0.17087659704485486,1669.0
LOCK,5,0.17088477984387068,1726.0
LOCK,5,0.17099984992823355,1544.0
LOCK,5,0.1708430638598751,1731.0
LOCK,5,0.170922510871191,1634.2199999999996
LOCK,6,0.1708541224111288,2447.0
LOCK,6,0.17082987969655347,2419.0
LOCK,6,0.1708720296664887,2415.0
LOCK,6,0.17081195026770804,2338.0
LOCK,6,0.1708344647864553,2320.0
LOCK,6,0.17087707805478225,2337.0
LOCK,6,0.17082252620290445,2362.0
LOCK,6,0.17083654148654656,2293.0
LOCK,6,0.17090941205336457,2305.0
LOCK,6,0.170846298419293,2287.0
LOCK,6,0.17092000592332274,2404.0
LOCK,6,0.1710883332772405,2322.0
LOCK,6,0.17087872788481157,2311.0
LOCK,6,0.17083622348401273,2438.0
LOCK,6,0.17084982483116237,2309.0
LOCK,6,0.17088861985916273,2306.0
LOCK,6,0.1708321370097013,2320.0
LOCK,6,0.17097741019980697,2309.0
LOCK,6,0.1709468871371819,2270.0
LOCK,6,0.17089980322895812,2296.0
LOCK,6,0.1708949407787583,2411.0
LOCK,6,0.17085856840168756,2429.0
LOCK,6,0.17095250293694417,2415.0
LOCK,6,0.17083615729991136,2311.0
LOCK,6,0.17091856400994168,2358.0
LOCK,6,0.17081947875747996,2429.0
LOCK,6,0.17094196220712385,2390.0
LOCK,6,0.17092164019895922,2428.0
LOCK,6,0.17085986213181775,3324.0
LOCK,6,0.17087364441195327,2304.0
LOCK,6,0.1708450299065791,2335.0
LOCK,6,0.17087535341292906,2328.0
LOCK,6,0.17099379557862315,2440.0
LOCK,6,0.17087885638708952,2275.0
LOCK,6,0.17083833202064208,2254.0
LOCK,6,0.1710875889997361,2488.0
LOCK,6,0.17093565674914502,2379.0
LOCK,6,0.17091810286478604,2373.0
LOCK,6,0.17085739301619912,2384.0
LOCK,6,0.17089013744285309,2515.0
LOCK,6,0.17087881701056185,2426.0
LOCK,6,0.17085661244816985,2419.0
LOCK,6,0.17098623652633094,2430.0
LOCK,6,0.17089033043661128,2501.0
LOCK,6,0.17086492304694673,2317.0
LOCK,6,0.17086806655321207,2306.0
LOCK,6,0.17091634703046418,2315.0
LOCK,6,0.17083783737047267,2333.0
LOCK,6,0.17086719885801074,2390.0
LOCK,6,0.17083036948212865,2412.0
LOCK,6,0.1708881316431331,2384.5399999999995
RANDOM,1,0.17093561332075152,3765.0
RANDOM,1,0.17093642133377449,3736.0
RANDOM,1,0.17092850973618223,3764.0
RANDOM,1,0.17087165297397774,3750.0
RANDOM,1,0.17090160728253798,3748.0
RANDOM,1,0.17088327270295992,3741.0
RANDOM,1,0.17115703396127468,3743.0
RANDOM,1,0.17092400806555857,3754.0
RANDOM,1,0.17101211415130574,3746.0
RANDOM,1,0.17097598743639442,3779.0
RANDOM,1,0.17094763655048056,3780.0
RANDOM,1,0.1708917603789482,3756.0
RANDOM,1,0.1708757479943191,3741.0
RANDOM,1,0.17087398932337694,3759.0
RANDOM,1,0.17091712046967758,3749.0
RANDOM,1,0.17090527373294329,3755.0
RANDOM,1,0.17090320322073876,3745.0
RANDOM,1,0.17086547307672853,3733.0
RANDOM,1,0.17091612187790955,3771.0
RANDOM,1,0.1709138326061244,3751.0
RANDOM,1,0.17090773858808575,3737.0
RANDOM,1,0.1709264465046499,3750.0
RANDOM,1,0.17087338727379345,3779.0
RANDOM,1,0.1709168653719143,3758.0
RANDOM,1,0.17099272495518264,3776.0
RANDOM,1,0.17107497075936762,3758.0
RANDOM,1,0.17093495433612257,3760.0
RANDOM,1,0.17088718359148267,3809.0
RANDOM,1,0.170894049988144,3754.0
RANDOM,1,0.1708928392575482,3744.0
RANDOM,1,0.1708887704357188,3755.0
RANDOM,1,0.1708973198548843,3793.0
RANDOM,1,0.17090614829982312,3752.0
RANDOM,1,0.1709157942115991,3779.0
RANDOM,1,0.17089747157431484,3787.0
RANDOM,1,0.17096122442571643,3788.0
RANDOM,1,0.17092176714623736,3831.0
RANDOM,1,0.1708806453384731,3737.0
RANDOM,1,0.17089441299109975,3741.0
RANDOM,1,0.17088154356908777,3763.0
RANDOM,1,0.17096962397434767,3742.0
RANDOM,1,0.1708711339333355,3741.0
RANDOM,1,0.17096315334299128,3746.0
RANDOM,1,0.17087555899409262,3747.0
RANDOM,1,0.17092731095818164,3851.0
RANDOM,1,0.17087778753904143,3787.0
RANDOM,1,0.17090482620380323,3746.0
RANDOM,1,0.1708737817472301,3739.0
RANDOM,1,0.17095664356420484,3743.0
RANDOM,1,0.17087828278192818,3751.0
RANDOM,1,0.17091961483416726,3760.2000000000007
RANDOM,2,0.17141750115564897,2950.0
RANDOM,2,0.17115158107247175,2968.0
RANDOM,2,0.1708879483034308,3009.0
RANDOM,2,0.17131921583548887,2988.0
RANDOM,2,0.17085997244028261,3007.0
RANDOM,2,0.1709734764305015,2981.0
RANDOM,2,0.1708767303666766,2954.0
RANDOM,2,0.17089771704812187,2948.0
RANDOM,2,0.17089089355597095,2995.0
RANDOM,2,0.17090637659029165,2954.0
RANDOM,2,0.17141310939221924,2915.0
RANDOM,2,0.17135146097594317,3016.0
RANDOM,2,0.1709214771015948,2999.0
RANDOM,2,0.17101091306998092,2981.0
RANDOM,2,0.1708678299654481,3013.0
RANDOM,2,0.17085895092568984,2975.0
RANDOM,2,0.17090412065062444,2968.0
RANDOM,2,0.1716310270294539,2971.0
RANDOM,2,0.17094224777004632,3031.0
RANDOM,2,0.17087006968670787,3002.0
RANDOM,2,0.1709428675674066,3047.0
RANDOM,2,0.17089721883174935,2939.0
RANDOM,2,0.17096040769856571,2956.0
RANDOM,2,0.17099060600786697,3061.0
RANDOM,2,0.17093278304655235,2939.0
RANDOM,2,0.1709429522077294,2977.0
RANDOM,2,0.17092353675222113,2990.0
RANDOM,2,0.17087512452807266,3012.0
RANDOM,2,0.17094948189642906,3533.0
RANDOM,2,0.1709196373234084,3008.0
RANDOM,2,0.17095118362847367,3007.0
RANDOM,2,0.17089362486954046,2973.0
RANDOM,2,0.17091602234709796,3031.0
RANDOM,2,0.17097565892843847,2955.0
RANDOM,2,0.17088084231645848,3068.0
RANDOM,2,0.17087713729044746,3054.0
RANDOM,2,0.1708980186638246,3030.0
RANDOM,2,0.17086249511452678,3009.0
RANDOM,2,0.17090241878661142,2981.0
RANDOM,2,0.170956026250608,2985.0
RANDOM,2,0.17088268099360737,2960.0
RANDOM,2,0.1708525661881845,3031.0
RANDOM,2,0.17107046291611572,2934.0
RANDOM,2,0.1709868383344288,2974.0
RANDOM,2,0.17088388844944283,3023.0
RANDOM,2,0.17086938046061306,2945.0
RANDOM,2,0.17095121959514867,2989.0
RANDOM,2,0.17088845360687013,2960.0
RANDOM,2,0.170932770293528,2985.0
RANDOM,2,0.17092678015587537,2931.0
RANDOM,2,0.17097291408832876,2998.239999999999
RANDOM,3,0.17095175605793556,2147.0
RANDOM,3,0.17099537660239067,2103.0
RANDOM,3,0.1708927860050223,2120.0
RANDOM,3,0.172037540860902,2136.0
RANDOM,3,0.17093449372664316,2167.0
RANDOM,3,0.1709183078832109,2173.0
RANDOM,3,0.17107385946525536,2180.0
RANDOM,3,0.17108315631331233,2113.0
RANDOM,3,0.17093579525130517,2149.0
RANDOM,3,0.17092670390042608,2102.0
RANDOM,3,0.1709226948081285,2140.0
RANDOM,3,0.1711937632478818,2123.0
RANDOM,3,0.17090623914779465,2127.0
RANDOM,3,0.1709627142618573,2151.0
RANDOM,3,0.17270727269598424,2152.0
RANDOM,3,0.17305714879727427,2088.0
RANDOM,3,0.17122632374374652,2165.0
RANDOM,3,0.17089147027078924,2130.0
RANDOM,3,0.17215992211856979,2139.0
RANDOM,3,0.17159873042511123,2122.0
RANDOM,3,0.17095654786047992,2142.0
RANDOM,3,0.170895828211789,2133.0
RANDOM,3,0.1709096507086241,2131.0
RANDOM,3,0.17174721526838724,2114.0
RANDOM,3,0.17127319636487795,2176.0
RANDOM,3,0.17137181399662643,2114.0
RANDOM,3,0.17085109689783026,2159.0
RANDOM,3,0.17139968459346894,2129.0
RANDOM,3,0.1723548080429693,2131.0
RANDOM,3,0.17097252008068567,2136.0
RANDOM,3,0.170903245120058,2102.0
RANDOM,3,0.1710121392912406,2106.0
RANDOM,3,0.17147569502744317,2175.0
RANDOM,3,0.17089000039582258,2112.0
RANDOM,3,0.17112055819611444,2146.0
RANDOM,3,0.17108676067412854,2176.0
RANDOM,3,0.17089278970771013,2201.0
RANDOM,3,0.1708670136445749,2150.0
RANDOM,3,0.1712637287828933,2179.0
RANDOM,3,0.1710173675592598,2131.0
RANDOM,3,0.17196045214604436,2123.0
RANDOM,3,0.17088948909150578,2078.0
RANDOM,3,0.17108056045105063,2139.0
RANDOM,3,0.17106450943580334,2070.0
RANDOM,3,0.17152839382142582,2193.0
RANDOM,3,0.17108380675384238,2086.0
RANDOM,3,0.17099365141076273,2133.0
RANDOM,3,0.1709169687456381,2134.0
RANDOM,3,0.17095220361197647,2127.0
RANDOM,3,0.1708832105726595,2158.0
RANDOM,3,0.17121981924098473,2136.2199999999993
RANDOM,4,0.170893385178964,1692.0
RANDOM,4,0.17100021902360377,1690.0
RANDOM,4,0.17106998275045682,1736.0
RANDOM,4,0.17131511192008492,1732.0
RANDOM,4,0.170889781188521,1711.0
RANDOM,4,0.17123250221998434,1670.0
RANDOM,4,0.1710444002487812,1697.0
RANDOM,4,0.17095382298479272,1702.0
RANDOM,4,0.170910777087275,1678.0
RANDOM,4,0.170885989029101,1722.0
RANDOM,4,0.17088166747421626,1686.0
RANDOM,4,0.17094303773126607,1700.0
RANDOM,4,0.1712472697708182,1764.0
RANDOM,4,0.1709028119770991,1718.0
RANDOM,4,0.17088022197208594,1732.0
RANDOM,4,0.1711499851925673,1750.0
RANDOM,4,0.1712002688284544,1734.0
RANDOM,4,0.1709014254803152,1726.0
RANDOM,4,0.17099361983335248,1747.0
RANDOM,4,0.17141201670749748,1673.0
RANDOM,4,0.17103079162013768,1718.0
RANDOM,4,0.17108465801760983,1689.0
RANDOM,4,0.17100924745501397,1679.0
RANDOM,4,0.17097628615916557,1763.0
RANDOM,4,0.17089231463651564,1716.0
RANDOM,4,0.1713662493867396,1719.0
RANDOM,4,0.17117727906602473,1694.0
RANDOM,4,0.17095833303263672,1676.0
RANDOM,4,0.17090747266167808,1705.0
RANDOM,4,0.1709047201406949,1755.0
RANDOM,4,0.17091684040143512,1737.0
RANDOM,4,0.1710124523073468,1651.0
RANDOM,4,0.17099583394352438,1689.0
RANDOM,4,0.17092541072101197,1712.0
RANDOM,4,0.17102216785406352,1773.0
RANDOM,4,0.1709056059236059,1694.0
RANDOM,4,0.17095218185605826,1685.0
RANDOM,4,0.17087093009798382,1725.0
RANDOM,4,0.1709294626922482,1784.0
RANDOM,4,0.17099349244829118,1735.0
RANDOM,4,0.170866819723944,1696.0
RANDOM,4,0.1710169530920644,1720.0
RANDOM,4,0.17093664791430374,1714.0
RANDOM,4,0.17087967975419752,1776.0
RANDOM,4,0.1713522306775702,1702.0
RANDOM,4,0.17112196047397313,1716.0
RANDOM,4,0.17087176999775106,1714.0
RANDOM,4,0.17111536941490238,1693.0
RANDOM,4,0.1708737422932424,1709.0
RANDOM,4,0.1708876085642009,1751.0
RANDOM,4,0.17100925617854346,1715.0000000000002
RANDOM,5,0.17106843777678057,1512.0
RANDOM,5,0.17105470914865756,1468.0
RANDOM,5,0.17097410354615486,1513.0
RANDOM,5,0.17122029478344467,1478.0
RANDOM,5,0.17110085476431702,1494.0
RANDOM,5,0.17106771984880384,1519.0
RANDOM,5,0.17103010857878537,1496.0
RANDOM,5,0.171061035562869,1506.0
RANDOM,5,0.17114835136579082,1492.0
RANDOM,5,0.17092545824633118,1537.0
RANDOM,5,0.17093294423927155,1520.0
RANDOM,5,0.17114671656345382,1524.0
RANDOM,5,0.17177869465429016,1491.0
RANDOM,5,0.17095253907978425,1485.0
RANDOM,5,0.1710032654224514,1533.0
RANDOM,5,0.17112892280411407,1492.0
RANDOM,5,0.17109253750723052,1486.0
RANDOM,5,0.17115721382250546,1478.0
RANDOM,5,0.17101787421479103,1531.0
RANDOM,5,0.1715035233214238,1498.0
RANDOM,5,0.17099993860263304,1510.0
RANDOM,5,0.17096373869569756,1510.0
RANDOM,5,0.1709773244503005,1534.0
RANDOM,5,0.17090099885641802,1470.0
RANDOM,5,0.17118177146384814,1506.0
RANDOM,5,0.17137549921176035,1484.0
RANDOM,5,0.1712861371504202,1498.0
RANDOM,5,0.17100869476266647,1496.0
RANDOM,5,0.17100781967341536,1462.0
RANDOM,5,0.17092115826682436,1497.0
RANDOM,5,0.17100318988961288,1481.0
RANDOM,5,0.17091527316944857,1572.0
RANDOM,5,0.17095405505712863,1492.0
RANDOM,5,0.17104244416312295,1530.0
RANDOM,5,0.17094121289220146,1486.0
RANDOM,5,0.17093258648963436,1515.0
RANDOM,5,0.17094738181358402,1556.0
RANDOM,5,0.17110305251423877,1504.0
RANDOM,5,0.17100284858242887,1519.0
RANDOM,5,0.17107195049221327,1501.0
RANDOM,5,0.17101814490387343,1560.0
RANDOM,5,0.17099244871064162,1544.0
RANDOM,5,0.17097091211724857,1562.0
RANDOM,5,0.17102226119834374,1548.0
RANDOM,5,0.17094677693199636,1508.0
RANDOM,5,0.17121300149006224,1457.0
RANDOM,5,0.1709226894935593,1460.0
RANDOM,5,0.17098963303478518,1508.0
RANDOM,5,0.1710750442555356,1548.0
RANDOM,5,0.17091616506932897,1477.0
RANDOM,5,0.17105938917308447,1506.9600000000005
RANDOM,6,0.1714827587851075,1414.0
RANDOM,6,0.1714312341787409,1481.0
RANDOM,6,0.1709470365710471,1429.0
RANDOM,6,0.17147316273407479,1381.0
RANDOM,6,0.1710340035357935,1439.0
RANDOM,6,0.1709718727124154,1409.0
RANDOM,6,0.17100416268041216,1402.0
RANDOM,6,0.17096290234500738,1428.0
RANDOM,6,0.1709794732816808,1438.0
RANDOM,6,0.17096558334280518,1435.0
RANDOM,6,0.17093988247128353,1458.0
RANDOM,6,0.17101115270359768,1441.0
RANDOM,6,0.1713429034346355,1459.0
RANDOM,6,0.17101722453059162,1460.0
RANDOM,6,0.17140122890182308,1434.0
RANDOM,6,0.17108144338425327,1446.0
RANDOM,6,0.17092068731768548,1418.0
RANDOM,6,0.171009499782569,1411.0
RANDOM,6,0.17099538435382952,1424.0
RANDOM,6,0.17096435177063607,1420.0
RANDOM,6,0.1716229402075411,1460.0
RANDOM,6,0.17092665486208505,1380.0
RANDOM,6,0.1709938534732391,1408.0
RANDOM,6,0.17097915825762294,1375.0
RANDOM,6,0.17103731448265683,1970.0
RANDOM,6,0.1709512090280185,1394.0
RANDOM,6,0.17119210117390044,1440.0
RANDOM,6,0.1713390700009441,1450.0
RANDOM,6,0.17093542869830503,1410.0
RANDOM,6,0.17120062062818384,1411.0
RANDOM,6,0.17162066821016936,1417.0
RANDOM,6,0.17118090029649363,1400.0
RANDOM,6,0.17102975085315764,1402.0
RANDOM,6,0.17095780909422664,1402.0
RANDOM,6,0.17099328071865214,1371.0
RANDOM,6,0.17104526913840767,1451.0
RANDOM,6,0.17103449743209542,1414.0
RANDOM,6,0.17094434903232514,1413.0
RANDOM,6,0.17156539030468348,1475.0
RANDOM,6,0.1709501027017419,1354.0
RANDOM,6,0.17092359916630503,1450.0
RANDOM,6,0.17091254565603287,1417.0
RANDOM,6,0.17097915428741114,1425.0
RANDOM,6,0.17098064982674194,1433.0
RANDOM,6,0.17131772626679467,1405.0
RANDOM,6,0.17101748373339598,1432.0
RANDOM,6,0.17121400661275515,1419.0
RANDOM,6,0.17099919546941508,1420.0
RANDOM,6,0.17108870021906514,1422.0
RANDOM,6,0.17093433007159242,1437.0
RANDOM,6,0.17109607417443895,1433.6800000000003
REPLICATE,1,0.1709122972255982,3757.0
REPLICATE,1,0.17094322652106153,3742.0
REPLICATE,1,0.17087856809204346,3687.0
REPLICATE,1,0.17100052309944377,3658.0
REPLICATE,1,0.1708403672425414,3654.0
REPLICATE,1,0.1709731546957981,3648.0
REPLICATE,1,0.1709999863864589,3635.0
REPLICATE,1,0.17085487306984487,3639.0
REPLICATE,1,0.17085490533130912,3696.0
REPLICATE,1,0.17109581602641552,3682.0
REPLICATE,1,0.1708621252940293,3637.0
REPLICATE,1,0.17085379660705413,3632.0
REPLICATE,1,0.17093042866302519,3630.0
REPLICATE,1,0.17091815069893845,3642.0
REPLICATE,1,0.17090162820272636,3645.0
REPLICATE,1,0.1709019923634276,3639.0
REPLICATE,1,0.17084708150951577,3640.0
REPLICATE,1,0.17100336889356324,3635.0
REPLICATE,1,0.1708455060013913,3627.0
REPLICATE,1,0.17095013381153829,3636.0
REPLICATE,1,0.17092444800130205,3676.0
REPLICATE,1,0.17088601410926735,3636.0
REPLICATE,1,0.17120782675713653,3643.0
REPLICATE,1,0.17106886060724308,3632.0
REPLICATE,1,0.17092131689167236,3636.0
REPLICATE,1,0.17091368159786252,3682.0
REPLICATE,1,0.17085819945075933,3740.0
REPLICATE,1,0.17088607998845437,3649.0
REPLICATE,1,0.1708545005094221,3639.0
REPLICATE,1,0.1708639863517705,3624.0
REPLICATE,1,0.1708807930727402,3643.0
REPLICATE,1,0.17086683162334612,3679.0
REPLICATE,1,0.17088627029901313,3646.0
REPLICATE,1,0.17096524503067187,3654.0
REPLICATE,1,0.17084390144459352,3644.0
REPLICATE,1,0.17086449748572397,3627.0
REPLICATE,1,0.17087981401329036,3647.0
REPLICATE,1,0.17091816004630533,3644.0
REPLICATE,1,0.17090491849304953,3648.0
REPLICATE,1,0.1708576325395182,3641.0
REPLICATE,1,0.17084501349150044,3650.0
REPLICATE,1,0.17102341572773191,3634.0
REPLICATE,1,0.17086944506618768,3687.0
REPLICATE,1,0.17085169170814513,3639.0
REPLICATE,1,0.1709714160066337,3720.0
REPLICATE,1,0.17084539963220532,3650.0
REPLICATE,1,0.17084045932258674,3643.0
REPLICATE,1,0.17085686371541203,3636.0
REPLICATE,1,0.1708389778227893,3636.0
REPLICATE,1,0.17091976733979386,3658.0
REPLICATE,1,0.1709096671576371,3654.88
REPLICATE,2,0.17089764380876532,2826.0
REPLICATE,2,0.17089999995777838,2796.0
REPLICATE,2,0.1708857070216938,2853.0
REPLICATE,2,0.17088590426284564,2859.0
REPLICATE,2,0.17089742699482882,2807.0
REPLICATE,2,0.17088993293323543,2849.0
REPLICATE,2,0.17097917934703577,2832.0
REPLICATE,2,0.17089455414123028,2830.0
REPLICATE,2,0.1708818996294755,2838.0
REPLICATE,2,0.1708933230585896,2838.0
REPLICATE,2,0.17087883714033583,2842.0
REPLICATE,2,0.17091649625930175,2854.0
REPLICATE,2,0.17087513928455605,2856.0
REPLICATE,2,0.17087420844998646,2893.0
REPLICATE,2,0.17090403664625461,2835.0
REPLICATE,2,0.17095842626048324,2827.0
REPLICATE,2,0.1709851756508355,2838.0
REPLICATE,2,0.17087020495626198,2877.0
REPLICATE,2,0.17088205483622518,2814.0
REPLICATE,2,0.1708787666470414,2878.0
REPLICATE,2,0.17090126956925103,2857.0
REPLICATE,2,0.17086837344940561,2846.0
REPLICATE,2,0.1708602978625637,2827.0
REPLICATE,2,0.17090314891616895,2862.0
REPLICATE,2,0.17086108417866452,2823.0
REPLICATE,2,0.17087285027428945,2822.0
REPLICATE,2,0.1708845424935858,2825.0
REPLICATE,2,0.17088161050611658,2851.0
REPLICATE,2,0.17090407863425314,2837.0
REPLICATE,2,0.17087745564757348,2873.0
REPLICATE,2,0.17096775626940944,2826.0
REPLICATE,2,0.1709114709539718,2834.0
REPLICATE,2,0.17088752219995562,2843.0
REPLICATE,2,0.1709114502166331,2851.0
REPLICATE,2,0.17088664821005975,2808.0
REPLICATE,2,0.1708751170399291,3522.0
REPLICATE,2,0.1709091976068347,2888.0
REPLICATE,2,0.17087122762167872,2816.0
REPLICATE,2,0.17087839229913532,2855.0
REPLICATE,2,0.17101950353577397,2849.0
REPLICATE,2,0.17086048313711313,2834.0
REPLICATE,2,0.17087663287710794,2865.0
REPLICATE,2,0.1708662919887882,2836.0
REPLICATE,2,0.1709414653251964,2846.0
REPLICATE,2,0.17087853975957748,2852.0
REPLICATE,2,0.1708957471279569,2869.0
REPLICATE,2,0.17086166179050982,2828.0
REPLICATE,2,0.17093349419844334,2852.0
REPLICATE,2,0.17088193445719962,2815.0
REPLICATE,2,0.1708765784932261,2828.0
REPLICATE,2,0.1708966948785427,2855.640000000001
REPLICATE,3,0.17089919934470488,2007.0
REPLICATE,3,0.1709074026419608,1966.0
REPLICATE,3,0.17092818812774896,2030.0
REPLICATE,3,0.17091978042310293,2001.0
REPLICATE,3,0.17090034944553673,2020.0
REPLICATE,3,0.17088426710394392,2011.0
REPLICATE,3,0.1709009599011447,2075.0
REPLICATE,3,0.17089249760991487,2023.0
REPLICATE,3,0.17091813058715358,2036.0
REPLICATE,3,0.17089281325538627,2048.0
REPLICATE,3,0.17092785187474246,2057.0
REPLICATE,3,0.1708987607386473,2025.0
REPLICATE,3,0.1709282165950387,2049.0
REPLICATE,3,0.1709020330536498,2020.0
REPLICATE,3,0.1709112730711748,2031.0
REPLICATE,3,0.17089656788485463,2005.0
REPLICATE,3,0.17089719945198192,2003.0
REPLICATE,3,0.17089914221363367,2016.0
REPLICATE,3,0.1708954877807476,2050.0
REPLICATE,3,0.17092069890565048,2024.0
REPLICATE,3,0.17090423279377442,2039.0
REPLICATE,3,0.17091080410494786,2000.0
REPLICATE,3,0.17089574341036506,2042.0
REPLICATE,3,0.17095267143298723,2018.0
REPLICATE,3,0.17091380768854866,2017.0
REPLICATE,3,0.17090130996998731,2056.0
REPLICATE,3,0.17091715757013612,2034.0
REPLICATE,3,0.17094275342106705,2032.0
REPLICATE,3,0.17089936534923353,2014.0
REPLICATE,3,0.17090627643259407,1992.0
REPLICATE,3,0.1709103016739134,2058.0
REPLICATE,3,0.1708898901964027,1964.0
REPLICATE,3,0.1708991606195937,2038.0
REPLICATE,3,0.17095245586196425,2028.0
REPLICATE,3,0.17089859263824736,2045.0
REPLICATE,3,0.17093318743026828,2028.0
REPLICATE,3,0.17093067636585413,2040.0
REPLICATE,3,0.17090489202223333,1986.0
REPLICATE,3,0.1709085309284903,2040.0
REPLICATE,3,0.17091918128058897,1991.0
REPLICATE,3,0.1709397963347372,2048.0
REPLICATE,3,0.17106908517319067,2053.0
REPLICATE,3,0.170923337448699,2071.0
REPLICATE,3,0.17091519348853645,1983.0
REPLICATE,3,0.17090063435491648,2036.0
REPLICATE,3,0.17090662122313766,2195.0
REPLICATE,3,0.1709950413491056,2420.0
REPLICATE,3,0.1709643749024334,2030.0
REPLICATE,3,0.1708955661803589,2219.0
REPLICATE,3,0.17091153167884912,2040.0
REPLICATE,3,0.17091665986671767,2041.0800000000002
REPLICATE,4,0.17098468189493535,1636.0
REPLICATE,4,0.1709838555575833,1608.0
REPLICATE,4,0.17097075544710985,1648.0
REPLICATE,4,0.1709114774914165,1612.0
REPLICATE,4,0.17091425346721603,1638.0
REPLICATE,4,0.17096554803438035,1642.0
REPLICATE,4,0.170927746693491,1613.0
REPLICATE,4,0.1710700647323749,1641.0
REPLICATE,4,0.17099072459865153,1678.0
REPLICATE,4,0.17096399462728454,1631.0
REPLICATE,4,0.17090289802477235,1621.0
REPLICATE,4,0.17101241609231244,1636.0
REPLICATE,4,0.17099491744271636,1622.0
REPLICATE,4,0.1710154263512586,1688.0
REPLICATE,4,0.17089993852380064,1617.0
REPLICATE,4,0.17117149498758033,1646.0
REPLICATE,4,0.17097110926195355,1590.0
REPLICATE,4,0.17099145811070834,1615.0
REPLICATE,4,0.1709161204666524,1687.0
REPLICATE,4,0.17097824520538818,1636.0
REPLICATE,4,0.17099979392916992,1621.0
REPLICATE,4,0.17102960217770385,1648.0
REPLICATE,4,0.17106105668885285,1641.0
REPLICATE,4,0.1710777731603607,1637.0
REPLICATE,4,0.1709453136663438,1727.0
REPLICATE,4,0.17094702913437884,1608.0
REPLICATE,4,0.17093576042421627,1599.0
REPLICATE,4,0.1709387689938965,1619.0
REPLICATE,4,0.17092783543072135,1621.0
REPLICATE,4,0.17107804683510594,1614.0
REPLICATE,4,0.17096961459598278,1662.0
REPLICATE,4,0.17092722988473166,1635.0
REPLICATE,4,0.17094875281660188,1626.0
REPLICATE,4,0.17098866968102147,1622.0
REPLICATE,4,0.17093876913294095,1609.0
REPLICATE,4,0.1709220871749034,1666.0
REPLICATE,4,0.17093169966165328,1632.0
REPLICATE,4,0.1709133366900133,1675.0
REPLICATE,4,0.17091427049827249,1610.0
REPLICATE,4,0.17092832701595254,1625.0
REPLICATE,4,0.17091733879095317,1662.0
REPLICATE,4,0.17095747369688247,1616.0
REPLICATE,4,0.17095716341506886,1629.0
REPLICATE,4,0.1710399353024974,1621.0
REPLICATE,4,0.17094523910342746,1642.0
REPLICATE,4,0.17090973661437334,1597.0
REPLICATE,4,0.1709799451225614,1615.0
REPLICATE,4,0.17093315367435652,1626.0
REPLICATE,4,0.1709846293152404,1650.0
REPLICATE,4,0.1709387902763844,1630.0
REPLICATE,4,0.1709684853983231,1633.7999999999997
REPLICATE,5,0.17106684315116447,1408.0
REPLICATE,5,0.1709880286435983,1407.0
REPLICATE,5,0.1709943420821907,1408.0
REPLICATE,5,0.17096874845523646,1403.0
REPLICATE,5,0.1709326756545683,1480.0
REPLICATE,5,0.17091484820298947,1433.0
REPLICATE,5,0.1709273100839501,1397.0
REPLICATE,5,0.17101134600228438,1439.0
REPLICATE,5,0.17095567856756252,1442.0
REPLICATE,5,0.17093027084104018,1459.0
REPLICATE,5,0.17092412170891622,1443.0
REPLICATE,5,0.17093302758389156,1429.0
REPLICATE,5,0.1709235762901069,1438.0
REPLICATE,5,0.1709357544121812,1416.0
REPLICATE,5,0.17095177252052524,1468.0
REPLICATE,5,0.17094231847588956,1400.0
REPLICATE,5,0.17092871971390464,1545.0
REPLICATE,5,0.17092539371438034,1421.0
REPLICATE,5,0.17097193907509808,1407.0
REPLICATE,5,0.17093849588060858,1415.0
REPLICATE,5,0.17096006371306957,1445.0
REPLICATE,5,0.17098867874892898,1425.0
REPLICATE,5,0.17093217015641107,2055.0
REPLICATE,5,0.17099461987820133,1438.0
REPLICATE,5,0.1709265536836956,1406.0
REPLICATE,5,0.1709634225681293,1426.0
REPLICATE,5,0.17091280184193283,1372.0
REPLICATE,5,0.17099616631624712,1439.0
REPLICATE,5,0.17092293244887677,1425.0
REPLICATE,5,0.1709370546527625,1417.0
REPLICATE,5,0.17117671239776716,1423.0
REPLICATE,5,0.17094603398029667,1437.0
REPLICATE,5,0.17095059748961275,1435.0
REPLICATE,5,0.1709484999175499,1419.0
REPLICATE,5,0.1709274002811707,1441.0
REPLICATE,5,0.17104252400861217,1419.0
REPLICATE,5,0.1709539062054347,1474.0
REPLICATE,5,0.17092511195310098,1466.0
REPLICATE,5,0.17093706651571783,1449.0
REPLICATE,5,0.1709166861091589,1424.0
REPLICATE,5,0.17098648702937785,1432.0
REPLICATE,5,0.17094626717101513,1459.0
REPLICATE,5,0.1709508921686389,1477.0
REPLICATE,5,0.17093906445402504,1404.0
REPLICATE,5,0.17095052083721793,1414.0
REPLICATE,5,0.1709191622205713,1414.0
REPLICATE,5,0.17093734570440236,1411.0
REPLICATE,5,0.1709178968576039,1400.0
REPLICATE,5,0.1709527059629261,1498.0
REPLICATE,5,0.17092979484744514,1435.0
REPLICATE,5,0.17095508702359977,1444.7400000000002
REPLICATE,6,0.1709513936577988,1359.0
REPLICATE,6,0.1709317713116829,1381.0
REPLICATE,6,0.17094143253410454,1396.0
REPLICATE,6,0.1709565382050633,1394.0
REPLICATE,6,0.17094764372314536,1402.0
REPLICATE,6,0.17096584794968592,1388.0
REPLICATE,6,0.17093714782976954,1416.0
REPLICATE,6,0.1709456916859591,1401.0
REPLICATE,6,0.1709330414818337,1378.0
REPLICATE,6,0.170948646416431,1428.0
REPLICATE,6,0.17095503558624028,1395.0
REPLICATE,6,0.1709776896417503,1415.0
REPLICATE,6,0.17094426301921908,1409.0
REPLICATE,6,0.1709587619477895,1401.0
REPLICATE,6,0.17093776509997247,1407.0
REPLICATE,6,0.17093490766508912,1407.0
REPLICATE,6,0.17094190846580484,1398.0
REPLICATE,6,0.1709489768655461,1416.0
REPLICATE,6,0.17095676987364827,1421.0
REPLICATE,6,0.17095493516092372,1411.0
REPLICATE,6,0.17094038189308863,1430.0
REPLICATE,6,0.17093629098662477,1438.0
REPLICATE,6,0.17093698015386258,1379.0
REPLICATE,6,0.17095254016253814,1395.0
REPLICATE,6,0.17093348427060423,1407.0
REPLICATE,6,0.17094337058451306,1431.0
REPLICATE,6,0.17097146080634162,1400.0
REPLICATE,6,0.1709454298269639,1397.0
REPLICATE,6,0.1709456697212691,1394.0
REPLICATE,6,0.17094247021101,1442.0
REPLICATE,6,0.1709906303649622,1397.0
REPLICATE,6,0.17093604528815798,1410.0
REPLICATE,6,0.1709640441761552,1384.0
REPLICATE,6,0.17094843776089255,1448.0
REPLICATE,6,0.17093710616982954,1398.0
REPLICATE,6,0.17096443113824478,1387.0
REPLICATE,6,0.170940485763162,1426.0
REPLICATE,6,0.1709531587889198,1418.0
REPLICATE,6,0.17095073449745113,1386.0
REPLICATE,6,0.17095412326321127,1411.0
REPLICATE,6,0.17095173386276902,1451.0
REPLICATE,6,0.17096786256938828,1417.0
REPLICATE,6,0.17094447182091135,1414.0
REPLICATE,6,0.17095265808333543,1403.0
REPLICATE,6,0.17095732372638667,1433.0
REPLICATE,6,0.17096191129381005,1381.0
REPLICATE,6,0.17094249392254282,1347.0
REPLICATE,6,0.17094194135141394,1371.0
REPLICATE,6,0.1709421880542451,1443.0
REPLICATE,6,0.17095779323639557,1389.0
REPLICATE,6,0.17094955643740914,1405.0
SINGLE_THREAD,1,0.17085131647716312,3722.0
SINGLE_THREAD,1,0.1708806617431921,3706.0
SINGLE_THREAD,1,0.17082377965614193,3763.0
SINGLE_THREAD,1,0.17096356063191176,3829.0
SINGLE_THREAD,1,0.17086403568535158,3855.0
SINGLE_THREAD,1,0.17085570926189247,3740.0
SINGLE_THREAD,1,0.1710442567345985,3743.0
SINGLE_THREAD,1,0.17096061438783858,3733.0
SINGLE_THREAD,1,0.17103026940587,3688.0
SINGLE_THREAD,1,0.1709112913151249,3699.0
SINGLE_THREAD,1,0.17085203087253825,3702.0
SINGLE_THREAD,1,0.17081548632667817,3676.0
SINGLE_THREAD,1,0.17083013356809654,3701.0
SINGLE_THREAD,1,0.1708736875608318,3780.0
SINGLE_THREAD,1,0.1708368774293329,3749.0
SINGLE_THREAD,1,0.17082657559286687,3710.0
SINGLE_THREAD,1,0.1709129975008468,3802.0
SINGLE_THREAD,1,0.17090087083223657,3770.0
SINGLE_THREAD,1,0.17094395621957711,3829.0
SINGLE_THREAD,1,0.1708292709564731,3647.0
SINGLE_THREAD,1,0.17084269076145145,3670.0
SINGLE_THREAD,1,0.17082969776874715,3786.0
SINGLE_THREAD,1,0.17086691071741023,3872.0
SINGLE_THREAD,1,0.1708194211346126,3927.0
SINGLE_THREAD,1,0.17085598339094343,3790.0
SINGLE_THREAD,1,0.1708406462158698,3819.0
SINGLE_THREAD,1,0.17085572393672377,3780.0
SINGLE_THREAD,1,0.1708463911427943,3761.0
SINGLE_THREAD,1,0.17084483987224,3709.0
SINGLE_THREAD,1,0.17084064357784648,4322.0
SINGLE_THREAD,1,0.17082857916928793,3710.0
SINGLE_THREAD,1,0.17091538237341003,3772.0
SINGLE_THREAD,1,0.17083015749913066,3760.0
SINGLE_THREAD,1,0.17099813081587661,3746.0
SINGLE_THREAD,1,0.17095734038678426,3760.0
SINGLE_THREAD,1,0.17083817456630274,3699.0
SINGLE_THREAD,1,0.1708342346125052,3724.0
SINGLE_THREAD,1,0.17083521609436544,3696.0
SINGLE_THREAD,1,0.17084711624250443,3775.0
SINGLE_THREAD,1,0.1708295727804182,3832.0
SINGLE_THREAD,1,0.1708893415820294,3890.0
SINGLE_THREAD,1,0.17081223048651473,3887.0
SINGLE_THREAD,1,0.1708855093169387,3887.0
SINGLE_THREAD,1,0.17087921875396173,3950.0
SINGLE_THREAD,1,0.1710598676403772,3952.0
SINGLE_THREAD,1,0.17116596954399932,3843.0
SINGLE_THREAD,1,0.17094112533316244,3855.0
SINGLE_THREAD,1,0.17086467256729934,3887.0
SINGLE_THREAD,1,0.170943167068527,3853.0
SINGLE_THREAD,1,0.17088867754350143,3685.0
SINGLE_THREAD,1,0.17088588030108198,3788.8599999999983
SINGLE_THREAD,2,0.17098631925253152,2957.0
SINGLE_THREAD,2,0.17100671525261274,2929.0
SINGLE_THREAD,2,0.17099127948101872,2994.0
SINGLE_THREAD,2,0.17132246942422877,2951.0
SINGLE_THREAD,2,0.17091567397237492,2912.0
SINGLE_THREAD,2,0.17088301453242513,2946.0
SINGLE_THREAD,2,0.17141432634769957,2896.0
SINGLE_THREAD,2,0.17089824289156763,2902.0
SINGLE_THREAD,2,0.17136697248070826,2968.0
SINGLE_THREAD,2,0.17114402708222715,2932.0
SINGLE_THREAD,2,0.17092648372408803,2942.0
SINGLE_THREAD,2,0.17094113740317,2857.0
SINGLE_THREAD,2,0.17149378985490152,2914.0
SINGLE_THREAD,2,0.17141803862231375,2932.0
SINGLE_THREAD,2,0.1718436113947762,2986.0
SINGLE_THREAD,2,0.17155310353752715,2949.0
SINGLE_THREAD,2,0.1711269576944393,2944.0
SINGLE_THREAD,2,0.1711918848341122,3024.0
SINGLE_THREAD,2,0.17130260993758736,2948.0
SINGLE_THREAD,2,0.17112758753343135,2965.0
SINGLE_THREAD,2,0.17103548246582886,2936.0
SINGLE_THREAD,2,0.17088865890033017,2905.0
SINGLE_THREAD,2,0.17216351075219075,2950.0
SINGLE_THREAD,2,0.17108316363686035,2956.0
SINGLE_THREAD,2,0.1712285053529851,2857.0
SINGLE_THREAD,2,0.17140238261233956,2909.0
SINGLE_THREAD,2,0.17124064266733158,3000.0
SINGLE_THREAD,2,0.17202183664130846,2911.0
SINGLE_THREAD,2,0.1709647104519637,2917.0
SINGLE_THREAD,2,0.17088041265997528,2883.0
SINGLE_THREAD,2,0.1709976539278373,2865.0
SINGLE_THREAD,2,0.17090276227307907,2871.0
SINGLE_THREAD,2,0.17102751680824532,2879.0
SINGLE_THREAD,2,0.1708798941883733,2945.0
SINGLE_THREAD,2,0.17113052194381448,2887.0
SINGLE_THREAD,2,0.17091479931167092,2874.0
SINGLE_THREAD,2,0.17094590232736956,2962.0
SINGLE_THREAD,2,0.17204296475324168,2981.0
SINGLE_THREAD,2,0.17128923235743487,2917.0
SINGLE_THREAD,2,0.1711027654365368,2949.0
SINGLE_THREAD,2,0.17145424070908868,2912.0
SINGLE_THREAD,2,0.17100138444406612,2936.0
SINGLE_THREAD,2,0.1710858495015684,2979.0
SINGLE_THREAD,2,0.17091180990574714,2904.0
SINGLE_THREAD,2,0.17154872937332238,2965.0
SINGLE_THREAD,2,0.17095522416406464,2991.0
SINGLE_THREAD,2,0.17092880010659822,3024.0
SINGLE_THREAD,2,0.17130625272416702,3027.0
SINGLE_THREAD,2,0.1709283961304507,2999.0
SINGLE_THREAD,2,0.17090486773856858,2905.0
SINGLE_THREAD,2,0.171180462390402,2936.8799999999997
SINGLE_THREAD,3,0.17092088129733757,2054.0
SINGLE_THREAD,3,0.1709945096353858,2041.0
SINGLE_THREAD,3,0.1709708518468234,2087.0
SINGLE_THREAD,3,0.17106627419866102,2097.0
SINGLE_THREAD,3,0.17089453232912408,2077.0
SINGLE_THREAD,3,0.1711444984859743,2020.0
SINGLE_THREAD,3,0.17089976195355475,2014.0
SINGLE_THREAD,3,0.1710116776460332,2096.0
SINGLE_THREAD,3,0.17090293988697597,2056.0
SINGLE_THREAD,3,0.17107602174466566,2016.0
SINGLE_THREAD,3,0.17090640259852746,2082.0
SINGLE_THREAD,3,0.17092379756512424,2034.0
SINGLE_THREAD,3,0.1709384802768163,2127.0
SINGLE_THREAD,3,0.17094475218545027,2128.0
SINGLE_THREAD,3,0.17092537346192707,2056.0
SINGLE_THREAD,3,0.17089703926604605,2042.0
SINGLE_THREAD,3,0.17105774354762798,2052.0
SINGLE_THREAD,3,0.17088307091807875,2046.0
SINGLE_THREAD,3,0.17124058821279872,2084.0
SINGLE_THREAD,3,0.17097941347394985,2057.0
SINGLE_THREAD,3,0.17101529601831722,2026.0
SINGLE_THREAD,3,0.17098354469684565,2059.0
SINGLE_THREAD,3,0.17093362274308854,2091.0
SINGLE_THREAD,3,0.1711336461092659,2040.0
SINGLE_THREAD,3,0.17102130568311513,2043.0
SINGLE_THREAD,3,0.17093636263077092,2025.0
SINGLE_THREAD,3,0.1709887734565792,2083.0
SINGLE_THREAD,3,0.17090907618878506,2034.0
SINGLE_THREAD,3,0.17098956537057114,2044.0
SINGLE_THREAD,3,0.17103610608201605,2094.0
SINGLE_THREAD,3,0.17087973248422675,2050.0
SINGLE_THREAD,3,0.17103732848360395,2077.0
SINGLE_THREAD,3,0.1709248317816466,2052.0
SINGLE_THREAD,3,0.17112819905814683,2015.0
SINGLE_THREAD,3,0.17099990153035496,2082.0
SINGLE_THREAD,3,0.1709403336547237,2034.0
SINGLE_THREAD,3,0.1709572436812667,2067.0
SINGLE_THREAD,3,0.1709204760574077,2057.0
SINGLE_THREAD,3,0.1709187420258755,2068.0
SINGLE_THREAD,3,0.17092720028486497,2045.0
SINGLE_THREAD,3,0.17098552679555046,2113.0
SINGLE_THREAD,3,0.17092049778057666,2038.0
SINGLE_THREAD,3,0.1709707684938393,2078.0
SINGLE_THREAD,3,0.17115613093844714,2032.0
SINGLE_THREAD,3,0.17091963311748615,2077.0
SINGLE_THREAD,3,0.17090982517364434,2126.0
SINGLE_THREAD,3,0.17115784602348383,2038.0
SINGLE_THREAD,3,0.17091058523759275,2058.0
SINGLE_THREAD,3,0.17105470354489427,2058.0
SINGLE_THREAD,3,0.17104924457205958,2038.0
SINGLE_THREAD,3,0.1709838932045986,2060.1600000000003
SINGLE_THREAD,4,0.1712951502533107,1663.0
SINGLE_THREAD,4,0.17136162878275024,1669.0
SINGLE_THREAD,4,0.17135033408084704,1637.0
SINGLE_THREAD,4,0.17147481152578814,1667.0
SINGLE_THREAD,4,0.17140941923716202,1621.0
SINGLE_THREAD,4,0.17160371425085363,1655.0
SINGLE_THREAD,4,0.17102957117708642,1615.0
SINGLE_THREAD,4,0.1710328221890014,1661.0
SINGLE_THREAD,4,0.1712311614931029,1647.0
SINGLE_THREAD,4,0.17113151960949896,1673.0
SINGLE_THREAD,4,0.17092497166478823,1652.0
SINGLE_THREAD,4,0.17097750576011544,1644.0
SINGLE_THREAD,4,0.1709164271656843,1653.0
SINGLE_THREAD,4,0.1714105485117202,1662.0
SINGLE_THREAD,4,0.171119466569923,1622.0
SINGLE_THREAD,4,0.17141705871237053,1656.0
SINGLE_THREAD,4,0.17129416942700032,1629.0
SINGLE_THREAD,4,0.17124853568095666,1664.0
SINGLE_THREAD,4,0.17111804216646845,1614.0
SINGLE_THREAD,4,0.17095942816581433,1665.0
SINGLE_THREAD,4,0.17139673840047884,1667.0
SINGLE_THREAD,4,0.17104547410441853,1636.0
SINGLE_THREAD,4,0.170904165123784,1649.0
SINGLE_THREAD,4,0.1713111460005624,1663.0
SINGLE_THREAD,4,0.17141202787990312,1632.0
SINGLE_THREAD,4,0.17096430925784042,1674.0
SINGLE_THREAD,4,0.17160831896509163,1660.0
SINGLE_THREAD,4,0.17108078828572928,1658.0
SINGLE_THREAD,4,0.170972668262887,1658.0
SINGLE_THREAD,4,0.17165975992962723,1755.0
SINGLE_THREAD,4,0.1709825886549523,1657.0
SINGLE_THREAD,4,0.17114225441611192,1630.0
SINGLE_THREAD,4,0.17100003561288152,1642.0
SINGLE_THREAD,4,0.17159375498519874,1655.0
SINGLE_THREAD,4,0.17140018535715157,1695.0
SINGLE_THREAD,4,0.1710173170200601,1609.0
SINGLE_THREAD,4,0.1710008100775894,1681.0
SINGLE_THREAD,4,0.17106559432144214,1638.0
SINGLE_THREAD,4,0.17111531079439746,1686.0
SINGLE_THREAD,4,0.17092884266054648,1636.0
SINGLE_THREAD,4,0.1711751677651518,1631.0
SINGLE_THREAD,4,0.1710206258183226,1633.0
SINGLE_THREAD,4,0.17118585089973729,1674.0
SINGLE_THREAD,4,0.1709781788966876,1683.0
SINGLE_THREAD,4,0.1709539321857051,1625.0
SINGLE_THREAD,4,0.17097708915307594,1653.0
SINGLE_THREAD,4,0.17114695485411016,1657.0
SINGLE_THREAD,4,0.17150896503727323,1629.0
SINGLE_THREAD,4,0.17119187537016278,1676.0
SINGLE_THREAD,4,0.17105619036046998,1641.0
SINGLE_THREAD,4,0.17118206413751186,1653.0399999999997
SINGLE_THREAD,5,0.17119492961761767,1445.0
SINGLE_THREAD,5,0.1714383407874482,1430.0
SINGLE_THREAD,5,0.171027055817341,1453.0
SINGLE_THREAD,5,0.1709446619528072,1450.0
SINGLE_THREAD,5,0.17103572762981478,1408.0
SINGLE_THREAD,5,0.1709361496005266,1478.0
SINGLE_THREAD,5,0.17114608820773186,1402.0
SINGLE_THREAD,5,0.17094179939078752,1436.0
SINGLE_THREAD,5,0.17097883643583947,1431.0
SINGLE_THREAD,5,0.1709461848039549,2004.0
SINGLE_THREAD,5,0.17109849262563814,1438.0
SINGLE_THREAD,5,0.17096560655223172,1435.0
SINGLE_THREAD,5,0.17091389328352666,1460.0
SINGLE_THREAD,5,0.17119025234175486,1489.0
SINGLE_THREAD,5,0.17092529415095348,1463.0
SINGLE_THREAD,5,0.17107632280521112,1437.0
SINGLE_THREAD,5,0.17092338999972168,1483.0
SINGLE_THREAD,5,0.1710158501585265,1475.0
SINGLE_THREAD,5,0.17129820523859815,1458.0
SINGLE_THREAD,5,0.17116227368546985,1446.0
SINGLE_THREAD,5,0.17152846684133588,1470.0
SINGLE_THREAD,5,0.17101351896131847,1443.0
SINGLE_THREAD,5,0.17108492925256436,1424.0
SINGLE_THREAD,5,0.1711080972703986,1425.0
SINGLE_THREAD,5,0.17091506480197252,1463.0
SINGLE_THREAD,5,0.17099938819061467,1434.0
SINGLE_THREAD,5,0.17103550622131877,1412.0
SINGLE_THREAD,5,0.17158600012244934,1443.0
SINGLE_THREAD,5,0.17110524866175056,1436.0
SINGLE_THREAD,5,0.1713384589429607,1426.0
SINGLE_THREAD,5,0.17100563651932313,1536.0
SINGLE_THREAD,5,0.1713823693016281,1406.0
SINGLE_THREAD,5,0.1710378069166325,1461.0
SINGLE_THREAD,5,0.17099763714285857,1420.0
SINGLE_THREAD,5,0.17125162444089104,1484.0
SINGLE_THREAD,5,0.17117759196923207,1416.0
SINGLE_THREAD,5,0.17094854472273824,1428.0
SINGLE_THREAD,5,0.17100574729741472,1490.0
SINGLE_THREAD,5,0.17096051885186841,1450.0
SINGLE_THREAD,5,0.17103251757758325,1431.0
SINGLE_THREAD,5,0.17107149942436065,1496.0
SINGLE_THREAD,5,0.17102048133969822,1442.0
SINGLE_THREAD,5,0.17098792580538266,1472.0
SINGLE_THREAD,5,0.17111499866302926,1409.0
SINGLE_THREAD,5,0.17140005095224975,1469.0
SINGLE_THREAD,5,0.17096901882969098,1404.0
SINGLE_THREAD,5,0.17092328448931932,1467.0
SINGLE_THREAD,5,0.1709525788251731,1445.0
SINGLE_THREAD,5,0.17105069028070943,1462.0
SINGLE_THREAD,5,0.1710136010204885,1451.0
SINGLE_THREAD,5,0.17108356317444912,1458.7199999999998
SINGLE_THREAD,6,0.17166053844188248,1398.0
SINGLE_THREAD,6,0.17144102308559567,1398.0
SINGLE_THREAD,6,0.1720446089604049,1408.0
SINGLE_THREAD,6,0.17248471545114843,1396.0
SINGLE_THREAD,6,0.17143283765066403,1373.0
SINGLE_THREAD,6,0.1722236874038782,1365.0
SINGLE_THREAD,6,0.17177968901133825,1405.0
SINGLE_THREAD,6,0.17128462721915055,1398.0
SINGLE_THREAD,6,0.1716669739427422,1403.0
SINGLE_THREAD,6,0.1716168517375545,1406.0
SINGLE_THREAD,6,0.1715168291372859,1419.0
SINGLE_THREAD,6,0.17206880316092055,1416.0
SINGLE_THREAD,6,0.1716395232985378,1385.0
SINGLE_THREAD,6,0.17136756963916364,1435.0
SINGLE_THREAD,6,0.1715760096633811,1400.0
SINGLE_THREAD,6,0.17188161903256396,1415.0
SINGLE_THREAD,6,0.17167180684675554,1430.0
SINGLE_THREAD,6,0.1719490962407421,1426.0
SINGLE_THREAD,6,0.1719591547756919,1447.0
SINGLE_THREAD,6,0.17121824769402935,1420.0
SINGLE_THREAD,6,0.17172037181950162,1411.0
SINGLE_THREAD,6,0.17199810952599923,1392.0
SINGLE_THREAD,6,0.17224384238410312,1421.0
SINGLE_THREAD,6,0.17207075622301896,1374.0
SINGLE_THREAD,6,0.17179654541920042,1383.0
SINGLE_THREAD,6,0.17108269596194373,1429.0
SINGLE_THREAD,6,0.17170163744087022,1407.0
SINGLE_THREAD,6,0.17172852770643796,1411.0
SINGLE_THREAD,6,0.17177198580637582,1420.0
SINGLE_THREAD,6,0.17179356192707343,1397.0
SINGLE_THREAD,6,0.1714806175080137,1425.0
SINGLE_THREAD,6,0.17179955849222558,1420.0
SINGLE_THREAD,6,0.1721168979429634,1412.0
SINGLE_THREAD,6,0.17107906128838765,1403.0
SINGLE_THREAD,6,0.17198197507573507,1373.0
SINGLE_THREAD,6,0.1711147647166051,1413.0
SINGLE_THREAD,6,0.1713674064121279,1420.0
SINGLE_THREAD,6,0.17145969439017195,1417.0
SINGLE_THREAD,6,0.171990609982846,1404.0
SINGLE_THREAD,6,0.17209552437114972,1394.0
SINGLE_THREAD,6,0.17184726980657244,1384.0
SINGLE_THREAD,6,0.17215641895390246,1427.0
SINGLE_THREAD,6,0.1721271702543642,1415.0
SINGLE_THREAD,6,0.17189783881478116,1396.0
SINGLE_THREAD,6,0.17163590602142173,1393.0
SINGLE_THREAD,6,0.17171997513235313,1411.0
SINGLE_THREAD,6,0.17237032068737787,1385.0
SINGLE_THREAD,6,0.17157094510014434,1382.0
SINGLE_THREAD,6,0.17147450561304697,1403.0
SINGLE_THREAD,6,0.1712114963606834,1388.0
SINGLE_THREAD,6,0.17173780407065659,1405.0600000000002
