NORMAL,1,0.1747574510522288,55.0
NORMAL,1,0.1724883797446773,1387.0
NORMAL,1,0.172506517463522,770.0
NORMAL,1,0.17251046853435234,1238.0
NORMAL,1,0.17260864033923065,309.0
NORMAL,1,0.17256652080739462,1253.0
NORMAL,1,0.1725913827213658,395.0
NORMAL,1,0.17247892297908846,822.0
NORMAL,1,0.1725281991285982,2961.0
NORMAL,1,0.17252797901532918,894.0
NORMAL,1,0.17277433639052278,153.0
NORMAL,1,0.1725062834616144,2312.0
NORMAL,1,0.1725390263081033,1285.0
NORMAL,1,0.1746314815010177,29.0
NORMAL,1,0.17256523090703338,3266.0
NORMAL,1,0.17300242685495637,114.0
NORMAL,1,0.17253789117510882,1367.0
NORMAL,1,0.17275784087483886,1526.0
NORMAL,1,0.17254452694346775,1084.0
NORMAL,1,0.1727478382168824,211.0
NORMAL,1,0.1728703375764224,138.0
NORMAL,1,0.17260894590281556,774.0
NORMAL,1,0.17270251055176428,385.0
NORMAL,1,0.17397151395127713,52.0
NORMAL,1,0.17254692823913342,962.0
NORMAL,1,0.17251436535699075,958.0
NORMAL,1,0.17253545478029564,644.0
NORMAL,1,0.17281467818805543,155.0
NORMAL,1,0.1726897056774286,195.0
NORMAL,1,0.17489259194197768,19.0
NORMAL,1,0.17316951267751257,885.0
NORMAL,1,0.17266979786993736,263.0
NORMAL,1,0.17260801729716316,240.0
NORMAL,1,0.17251549751469075,1069.0
NORMAL,1,0.17262363040442688,303.0
NORMAL,1,0.17250714917855156,2330.0
NORMAL,1,0.17264606418455916,320.0
NORMAL,1,0.17251978336789328,782.0
NORMAL,1,0.1732881230696612,81.0
NORMAL,1,0.17257923267147623,571.0
NORMAL,1,0.17251857689375483,2215.0
NORMAL,1,0.17253054465718493,490.0
NORMAL,1,0.172648261415071,1266.0
NORMAL,1,0.17268011111062703,214.0
NORMAL,1,0.17387684170908302,53.0
NORMAL,1,0.1725279106510594,1742.0
NORMAL,1,0.17250426466199073,1817.0
NORMAL,1,0.17511585755140335,24.0
NORMAL,1,0.17361386597539333,67.0
NORMAL,1,0.17272202266876371,1066.0
NORMAL,1,0.17288366884231388,830.2199999999999
NORMAL,2,0.17251001599992252,904.0
NORMAL,2,0.1725101370022691,1413.0
NORMAL,2,0.17251094944673853,1816.0
NORMAL,2,0.17252974125079965,1621.0
NORMAL,2,0.17259835742504287,449.0
NORMAL,2,0.1729286362346791,155.0
NORMAL,2,0.17254379080618187,555.0
NORMAL,2,0.17262000005340755,331.0
NORMAL,2,0.17254775950201162,1257.0
NORMAL,2,0.17256950257623782,1459.0
NORMAL,2,0.17249346933152185,660.0
NORMAL,2,0.1725204214883232,781.0
NORMAL,2,0.172522159229031,499.0
NORMAL,2,0.1725146675731556,1331.0
NORMAL,2,0.17261709325750296,1931.0
NORMAL,2,0.17250133317995298,654.0
NORMAL,2,0.17258564335983548,1679.0
NORMAL,2,0.17262023325608256,1851.0
NORMAL,2,0.17261768127012372,353.0
NORMAL,2,0.1725154585688843,1851.0
NORMAL,2,0.17249110432745213,1169.0
NORMAL,2,0.17251796647843717,1708.0
NORMAL,2,0.17264724731647196,677.0
NORMAL,2,0.17251181306574995,1231.0
NORMAL,2,0.17255576765106656,1750.0
NORMAL,2,0.1725418881265525,539.0
NORMAL,2,0.17251808170312152,642.0
NORMAL,2,0.17252454732818137,681.0
NORMAL,2,0.17252652260198142,1687.0
NORMAL,2,0.17253882004922746,1383.0
NORMAL,2,0.1725599055127364,798.0
NORMAL,2,0.17249757030942628,1687.0
NORMAL,2,0.17263873686004583,348.0
NORMAL,2,0.17250093123396712,858.0
NORMAL,2,0.17250614864064232,859.0
NORMAL,2,0.17249591732382785,1766.0
NORMAL,2,0.17263025847222438,327.0
NORMAL,2,0.17248881898700072,691.0
NORMAL,2,0.17260251964195994,1276.0
NORMAL,2,0.17254370502414682,1813.0
NORMAL,2,0.17257653199519915,647.0
NORMAL,2,0.17249785815108162,1795.0
NORMAL,2,0.17253701883022604,1525.0
NORMAL,2,0.17252289472754972,1369.0
NORMAL,2,0.17258383400364097,393.0
NORMAL,2,0.17256992583390948,1701.0
NORMAL,2,0.17254410738731807,1293.0
NORMAL,2,0.1725371934097583,1675.0
NORMAL,2,0.172522835140829,1195.0
NORMAL,2,0.1729146026298785,147.0
NORMAL,2,0.1725604424715063,1103.6
NORMAL,3,0.1727249140246216,2128.0
NORMAL,3,0.17265271316856115,1251.0
NORMAL,3,0.17250968823187374,1048.0
NORMAL,3,0.1725340107975138,1117.0
NORMAL,3,0.17270167073654394,1330.0
NORMAL,3,0.1724862228572665,1173.0
NORMAL,3,0.1725217515365018,1196.0
NORMAL,3,0.17251454114091186,1022.0
NORMAL,3,0.172605165225696,463.0
NORMAL,3,0.17270923989629033,926.0
NORMAL,3,0.172480466291895,1152.0
NORMAL,3,0.1724967711021022,1272.0
NORMAL,3,0.17264598958582694,1798.0
NORMAL,3,0.17250044584089094,1196.0
NORMAL,3,0.17262778010910304,1137.0
NORMAL,3,0.17254079172746337,506.0
NORMAL,3,0.17250338879306468,1256.0
NORMAL,3,0.17251217948459,1182.0
NORMAL,3,0.17250326548001427,1116.0
NORMAL,3,0.17260877838038172,1275.0
NORMAL,3,0.17284945106524616,1327.0
NORMAL,3,0.17252855708402495,1110.0
NORMAL,3,0.17248746494065412,1259.0
NORMAL,3,0.17246562724176864,1178.0
NORMAL,3,0.17261427176979227,1699.0
NORMAL,3,0.17250907485731504,1203.0
NORMAL,3,0.17252010903124143,985.0
NORMAL,3,0.17248602715739206,1158.0
NORMAL,3,0.1725129153058169,1110.0
NORMAL,3,0.17261105133353577,419.0
NORMAL,3,0.1726634674517812,1353.0
NORMAL,3,0.17253787640449247,1191.0
NORMAL,3,0.17249016083142069,968.0
NORMAL,3,0.17287047642338346,1371.0
NORMAL,3,0.1725597945973914,1385.0
NORMAL,3,0.17250664757985668,1090.0
NORMAL,3,0.17262569689968918,1330.0
NORMAL,3,0.17253739876232385,1321.0
NORMAL,3,0.17260002443178155,1313.0
NORMAL,3,0.17249743911037277,938.0
NORMAL,3,0.17262081956021105,1345.0
NORMAL,3,0.17254934038429304,1120.0
NORMAL,3,0.17290672283715644,781.0
NORMAL,3,0.1725206276369503,1494.0
NORMAL,3,0.17270724918020092,1357.0
NORMAL,3,0.1725254823379652,1110.0
NORMAL,3,0.17248096676651922,1191.0
NORMAL,3,0.17262142787403378,1354.0
NORMAL,3,0.17262944739457292,1172.0
NORMAL,3,0.1726270066780894,1384.0
NORMAL,3,0.17258084794680767,1191.2
NORMAL,4,0.17267572393205805,1034.0
NORMAL,4,0.17256208660458172,815.0
NORMAL,4,0.17263802145916676,1487.0
NORMAL,4,0.17250748515971612,944.0
NORMAL,4,0.17257724853671638,1021.0
NORMAL,4,0.17256848059313498,627.0
NORMAL,4,0.17263397353224122,1019.0
NORMAL,4,0.1728936820208755,1077.0
NORMAL,4,0.1725816487156358,1004.0
NORMAL,4,0.1725722400091208,1023.0
NORMAL,4,0.1728115765726342,1015.0
NORMAL,4,0.1726869882829284,1466.0
NORMAL,4,0.1726262289010903,1053.0
NORMAL,4,0.17265091816946243,998.0
NORMAL,4,0.17257934017173115,1001.0
NORMAL,4,0.17264351852409726,1013.0
NORMAL,4,0.1728737770354023,1069.0
NORMAL,4,0.17273817865920413,1026.0
NORMAL,4,0.17249543050058364,803.0
NORMAL,4,0.17262124036719048,1000.0
NORMAL,4,0.17263685662121273,1039.0
NORMAL,4,0.17287960255127702,1540.0
NORMAL,4,0.17270258606735625,998.0
NORMAL,4,0.1725459179109433,1013.0
NORMAL,4,0.1725376280099443,999.0
NORMAL,4,0.17263073050160424,1002.0
NORMAL,4,0.17249392294991805,956.0
NORMAL,4,0.17272276285213928,989.0
NORMAL,4,0.1726406100027545,1079.0
NORMAL,4,0.1725981922578931,1517.0
NORMAL,4,0.17252106756004412,981.0
NORMAL,4,0.1725718639166075,954.0
NORMAL,4,0.1724807881968208,1005.0
NORMAL,4,0.17249064163373667,902.0
NORMAL,4,0.17266512613198248,1059.0
NORMAL,4,0.17256386139260615,816.0
NORMAL,4,0.1726131454898645,1153.0
NORMAL,4,0.17267714113766502,1052.0
NORMAL,4,0.17263271489689294,1036.0
NORMAL,4,0.17263945766444827,1032.0
NORMAL,4,0.17254131218056934,1000.0
NORMAL,4,0.17255464721175068,463.0
NORMAL,4,0.17257518520869122,961.0
NORMAL,4,0.17252958196924342,1408.0
NORMAL,4,0.17272497444996973,1075.0
NORMAL,4,0.17269325420400555,1004.0
NORMAL,4,0.17255807619393715,963.0
NORMAL,4,0.17259001871399826,1039.0
NORMAL,4,0.17281774887292076,1040.0
NORMAL,4,0.17255570423453256,1455.0
NORMAL,4,0.17262645817465808,1040.4999999999998
NORMAL,5,0.1726990263100371,1113.0
NORMAL,5,0.17254847201025886,1119.0
NORMAL,5,0.1726396318517753,813.0
NORMAL,5,0.17251298448926222,1129.0
NORMAL,5,0.17259616667046618,862.0
NORMAL,5,0.17251968011953753,823.0
NORMAL,5,0.17275658780720127,869.0
NORMAL,5,0.17257680808137724,855.0
NORMAL,5,0.17265966299017377,902.0
NORMAL,5,0.1727235282194877,1551.0
NORMAL,5,0.17279916138114484,894.0
NORMAL,5,0.17250117159382397,785.0
NORMAL,5,0.17263539705242778,832.0
NORMAL,5,0.17264379542569058,864.0
NORMAL,5,0.1727706289247766,913.0
NORMAL,5,0.1730085307854263,893.0
NORMAL,5,0.17274328622628088,1378.0
NORMAL,5,0.17259503201077364,897.0
NORMAL,5,0.17264833878275293,864.0
NORMAL,5,0.17286732864743137,872.0
NORMAL,5,0.17253683321950763,857.0
NORMAL,5,0.1727768018886098,901.0
NORMAL,5,0.17269084164732312,837.0
NORMAL,5,0.172521637565935,1397.0
NORMAL,5,0.17263728221109728,881.0
NORMAL,5,0.1725743945015684,864.0
NORMAL,5,0.1728740020012501,888.0
NORMAL,5,0.17270597299616533,831.0
NORMAL,5,0.1725491945145531,1037.0
NORMAL,5,0.17298164911015884,1034.0
NORMAL,5,0.1726443701674934,1295.0
NORMAL,5,0.17263340619047213,791.0
NORMAL,5,0.1725301998204676,815.0
NORMAL,5,0.1726056260683603,871.0
NORMAL,5,0.17286002663255254,928.0
NORMAL,5,0.1727178222466287,845.0
NORMAL,5,0.17270350239543333,850.0
NORMAL,5,0.1726548333223638,1400.0
NORMAL,5,0.1726199872162375,876.0
NORMAL,5,0.17273810405872772,1001.0
NORMAL,5,0.17280223609340425,839.0
NORMAL,5,0.17283649697993325,897.0
NORMAL,5,0.17259886217162207,820.0
NORMAL,5,0.17258455266157904,1395.0
NORMAL,5,0.17278521976178465,865.0
NORMAL,5,0.17252599406634517,668.0
NORMAL,5,0.17260834556399504,911.0
NORMAL,5,0.1728645061680277,1310.0
NORMAL,5,0.17274210419479333,945.0
NORMAL,5,0.17263708321549354,968.0
NORMAL,5,0.17267974216063983,960.8999999999997
NORMAL,6,0.17255772249918117,898.0
NORMAL,6,0.17285853704192744,819.0
NORMAL,6,0.1726601998263508,1358.0
NORMAL,6,0.1728497590522973,761.0
NORMAL,6,0.17255772731050195,1142.0
NORMAL,6,0.1725790385754047,1002.0
NORMAL,6,0.17258939107015142,883.0
NORMAL,6,0.17250487183479865,1307.0
NORMAL,6,0.1725854664941373,1162.0
NORMAL,6,0.17265104957354008,1307.0
NORMAL,6,0.172789658922599,973.0
NORMAL,6,0.17260954681808563,1313.0
NORMAL,6,0.17257949498937283,903.0
NORMAL,6,0.17272128713460513,1008.0
NORMAL,6,0.17263610979030172,906.0
NORMAL,6,0.17267939333136287,1147.0
NORMAL,6,0.17254944728924654,904.0
NORMAL,6,0.1726984587302205,1680.0
NORMAL,6,0.1728294989305381,1116.0
NORMAL,6,0.1726433195673693,1210.0
NORMAL,6,0.1727214374831393,1005.0
NORMAL,6,0.172599253013468,722.0
NORMAL,6,0.17257150714191763,1429.0
NORMAL,6,0.17265018667374346,1712.0
NORMAL,6,0.17263258206425405,766.0
NORMAL,6,0.17278071102490203,812.0
NORMAL,6,0.172605077840011,1338.0
NORMAL,6,0.172604716472411,1314.0
NORMAL,6,0.17273866249801043,773.0
NORMAL,6,0.17278845387672728,1201.0
NORMAL,6,0.17259470825000445,909.0
NORMAL,6,0.17279803320178178,763.0
NORMAL,6,0.17263980929374245,1185.0
NORMAL,6,0.17272793655806581,1132.0
NORMAL,6,0.17262890944937076,1122.0
NORMAL,6,0.1725998123347405,1431.0
NORMAL,6,0.1726217401015993,902.0
NORMAL,6,0.17272638114502822,985.0
NORMAL,6,0.17256064075587987,943.0
NORMAL,6,0.17251876126422624,1215.0
NORMAL,6,0.17277172375725172,1143.0
NORMAL,6,0.17278739167192447,745.0
NORMAL,6,0.17264247167732652,922.0
NORMAL,6,0.17274155134382713,1203.0
NORMAL,6,0.17260802582970156,461.0
NORMAL,6,0.1726017354104047,999.0
NORMAL,6,0.1726983255960265,938.0
NORMAL,6,0.17266286472054296,1662.0
NORMAL,6,0.1727152242757945,753.0
NORMAL,6,0.1727073553791366,843.0
NORMAL,6,0.17266351937773916,1062.54
LOCK,1,0.1725278496898212,412.0
LOCK,1,0.1726403380905227,293.0
LOCK,1,0.1726994908200432,2859.0
LOCK,1,0.17254233440817152,1049.0
LOCK,1,0.17249868160681103,1155.0
LOCK,1,0.1725067375909934,1030.0
LOCK,1,0.172566230450254,318.0
LOCK,1,0.17248437701273733,1031.0
LOCK,1,0.17250397022450267,957.0
LOCK,1,0.1725163990587394,1269.0
LOCK,1,0.17250983306030648,996.0
LOCK,1,0.17267967764500636,423.0
LOCK,1,0.175347064298349,17.0
LOCK,1,0.17257315014229363,501.0
LOCK,1,0.17262536268828563,749.0
LOCK,1,0.17258088378295808,1276.0
LOCK,1,0.17253580861223183,1027.0
LOCK,1,0.17253362935439026,360.0
LOCK,1,0.1727643524260924,203.0
LOCK,1,0.17253861489183822,494.0
LOCK,1,0.17251323795089749,910.0
LOCK,1,0.17250824310955076,1628.0
LOCK,1,0.1731141203886676,122.0
LOCK,1,0.17255508778249767,1755.0
LOCK,1,0.17255171088356627,449.0
LOCK,1,0.1725016098615659,1239.0
LOCK,1,0.17253897467080043,625.0
LOCK,1,0.17252263156786982,1459.0
LOCK,1,0.17255968695351878,328.0
LOCK,1,0.17341608504256392,79.0
LOCK,1,0.17256878478747734,727.0
LOCK,1,0.17337902610780637,75.0
LOCK,1,0.17266414715774286,254.0
LOCK,1,0.1735544984087681,72.0
LOCK,1,0.17251407706555508,1095.0
LOCK,1,0.17248620812480997,3132.0
LOCK,1,0.17255845019325708,3345.0
LOCK,1,0.172515417463858,550.0
LOCK,1,0.17253510749840123,1402.0
LOCK,1,0.17268806133523334,734.0
LOCK,1,0.17315766763175156,129.0
LOCK,1,0.1726849084935867,272.0
LOCK,1,0.17260690781064014,426.0
LOCK,1,0.1726622115481429,251.0
LOCK,1,0.17253474952831033,1315.0
LOCK,1,0.1725864467533891,814.0
LOCK,1,0.17370814047087452,67.0
LOCK,1,0.17257417500592656,527.0
LOCK,1,0.1894895361279023,3.0
LOCK,1,0.1725165257998209,2611.0
LOCK,1,0.17305882442758203,856.28
LOCK,2,0.17254599934779946,1668.0
LOCK,2,0.1725591025194016,1102.0
LOCK,2,0.17257781094919084,1520.0
LOCK,2,0.17248898218325268,615.0
LOCK,2,0.17252559885966307,283.0
LOCK,2,0.17282995548327001,1712.0
LOCK,2,0.17252445209729553,1601.0
LOCK,2,0.1726976529297323,1682.0
LOCK,2,0.17257384639546136,1771.0
LOCK,2,0.17251789733412384,643.0
LOCK,2,0.17248489078482068,623.0
LOCK,2,0.17252754966608788,426.0
LOCK,2,0.1725209115808374,537.0
LOCK,2,0.17258908173503054,630.0
LOCK,2,0.1727489876327856,669.0
LOCK,2,0.17265703378759092,1833.0
LOCK,2,0.1725735950896194,361.0
LOCK,2,0.172614468170346,1779.0
LOCK,2,0.17252000615270685,439.0
LOCK,2,0.17254970002455922,2076.0
LOCK,2,0.17250209366425576,856.0
LOCK,2,0.17258997468740164,1731.0
LOCK,2,0.17252735540891406,2380.0
LOCK,2,0.17251800221305186,1347.0
LOCK,2,0.17252549418734825,523.0
LOCK,2,0.1725355716290695,1890.0
LOCK,2,0.1725134528255306,1108.0
LOCK,2,0.17249852644659644,716.0
LOCK,2,0.17255216994915396,321.0
LOCK,2,0.17250959661374005,1156.0
LOCK,2,0.17252178229694842,846.0
LOCK,2,0.1725412694696532,1775.0
LOCK,2,0.1725123399265562,860.0
LOCK,2,0.17251889420738126,1573.0
LOCK,2,0.1726434542171038,241.0
LOCK,2,0.17248773326183592,966.0
LOCK,2,0.17259027968538027,259.0
LOCK,2,0.1725137813965027,2154.0
LOCK,2,0.17253661060245054,2134.0
LOCK,2,0.17262873366823747,1604.0
LOCK,2,0.17250585760518738,1197.0
LOCK,2,0.172559718403165,303.0
LOCK,2,0.17258476540122708,1112.0
LOCK,2,0.1724934031876334,849.0
LOCK,2,0.17255264450079696,904.0
LOCK,2,0.17253877981941004,2289.0
LOCK,2,0.17261247914104336,1751.0
LOCK,2,0.1725644948431231,1015.0
LOCK,2,0.17248520204721543,1748.0
LOCK,2,0.17272332195546164,417.0
LOCK,2,0.172560306119699,1159.9
LOCK,3,0.17261332708323152,1477.0
LOCK,3,0.17251005102264005,1458.0
LOCK,3,0.17255258590904635,1257.0
LOCK,3,0.17249944212953303,1346.0
LOCK,3,0.17247973126679092,1256.0
LOCK,3,0.17250439427841072,1122.0
LOCK,3,0.1727384189096073,1435.0
LOCK,3,0.17254735652299524,1408.0
LOCK,3,0.17255887270119405,620.0
LOCK,3,0.17251826423739622,1201.0
LOCK,3,0.17251576810706995,1023.0
LOCK,3,0.1726773957701677,1321.0
LOCK,3,0.172534787509535,1246.0
LOCK,3,0.1725214259213883,1207.0
LOCK,3,0.17248186109784672,1512.0
LOCK,3,0.17251592133257268,1417.0
LOCK,3,0.17250754679915142,834.0
LOCK,3,0.17250498936582237,1923.0
LOCK,3,0.17252079407511542,576.0
LOCK,3,0.17251073358755065,1481.0
LOCK,3,0.17250204401160119,589.0
LOCK,3,0.17268503136250782,1143.0
LOCK,3,0.17252403068921368,1541.0
LOCK,3,0.17249502560338711,1467.0
LOCK,3,0.17250576737164033,1341.0
LOCK,3,0.1725596257723759,1338.0
LOCK,3,0.172551333310859,1207.0
LOCK,3,0.1725202703269436,1756.0
LOCK,3,0.1725461958509821,1390.0
LOCK,3,0.17253611373225364,1404.0
LOCK,3,0.17250162945736439,853.0
LOCK,3,0.17250056154751253,1314.0
LOCK,3,0.17251698907002883,1303.0
LOCK,3,0.172516552322291,1112.0
LOCK,3,0.17262205923617832,540.0
LOCK,3,0.17249271438628247,1437.0
LOCK,3,0.17256411774749933,1676.0
LOCK,3,0.17254674431300257,272.0
LOCK,3,0.1725553437224486,1354.0
LOCK,3,0.17248763400041964,1314.0
LOCK,3,0.17252584674573831,1458.0
LOCK,3,0.1725451871301849,985.0
LOCK,3,0.17251879735266712,815.0
LOCK,3,0.17261286626628938,1603.0
LOCK,3,0.17254402041385417,608.0
LOCK,3,0.17251629853718134,1439.0
LOCK,3,0.17249755768174135,790.0
LOCK,3,0.1727550652878384,904.0
LOCK,3,0.17254314566476545,1384.0
LOCK,3,0.17253389047560222,1245.0
LOCK,3,0.17254272254035444,1214.04
LOCK,4,0.17249972675775954,1039.0
LOCK,4,0.17248691180662226,1562.0
LOCK,4,0.17252150086828713,1225.0
LOCK,4,0.17262884565442618,1129.0
LOCK,4,0.17251588382686736,949.0
LOCK,4,0.17249987435228206,1221.0
LOCK,4,0.17255682270800718,1183.0
LOCK,4,0.17256169144007433,1134.0
LOCK,4,0.1725220313177582,822.0
LOCK,4,0.17257422486523252,918.0
LOCK,4,0.1725971367515215,1250.0
LOCK,4,0.17255616465206028,1708.0
LOCK,4,0.17259857049391727,1013.0
LOCK,4,0.1724999314986496,440.0
LOCK,4,0.1725594386583053,1170.0
LOCK,4,0.17251167371677859,1262.0
LOCK,4,0.17254622668566424,1114.0
LOCK,4,0.17256999203437345,1118.0
LOCK,4,0.17255505378093552,1179.0
LOCK,4,0.1725554604557217,1577.0
LOCK,4,0.17246924546926032,636.0
LOCK,4,0.17254624708211894,1200.0
LOCK,4,0.17254562840006965,927.0
LOCK,4,0.17257414313799155,1024.0
LOCK,4,0.17260016468560757,512.0
LOCK,4,0.1725261355510072,961.0
LOCK,4,0.17252459698594289,1020.0
LOCK,4,0.17249036606763254,1106.0
LOCK,4,0.17255286077431775,1302.0
LOCK,4,0.17255118655376192,1139.0
LOCK,4,0.1724880360407943,1035.0
LOCK,4,0.17254101466429136,1026.0
LOCK,4,0.17251100733321303,1261.0
LOCK,4,0.1725045605863997,1079.0
LOCK,4,0.1725159463583183,1070.0
LOCK,4,0.17248950457228873,1098.0
LOCK,4,0.17250970909796987,1414.0
LOCK,4,0.17259348246234735,1195.0
LOCK,4,0.17252396403403547,726.0
LOCK,4,0.17249155655343307,869.0
LOCK,4,0.17272291694430877,1254.0
LOCK,4,0.1725050297764849,1175.0
LOCK,4,0.17251976055932877,1541.0
LOCK,4,0.1724916974250392,989.0
LOCK,4,0.17254797560879503,907.0
LOCK,4,0.1725977203136977,1055.0
LOCK,4,0.1725378042991322,908.0
LOCK,4,0.1725950758218948,1635.0
LOCK,4,0.17249758943865148,1202.0
LOCK,4,0.17257633135793923,1101.0
LOCK,4,0.17254116840562636,1107.6000000000001
LOCK,5,0.17249886916735324,1015.0
LOCK,5,0.17250841125552854,1109.0
LOCK,5,0.17252371669070818,1834.0
LOCK,5,0.1725572587966632,1375.0
LOCK,5,0.1725110445100204,1015.0
LOCK,5,0.17255212248888385,1266.0
LOCK,5,0.1726155714673377,1319.0
LOCK,5,0.17250960890691644,1322.0
LOCK,5,0.17258194520847903,1627.0
LOCK,5,0.17259077794226724,1445.0
LOCK,5,0.17251676934082025,1288.0
LOCK,5,0.17259620457535432,1605.0
LOCK,5,0.17250826659762955,817.0
LOCK,5,0.1724834303275292,1209.0
LOCK,5,0.17250420062186445,1615.0
LOCK,5,0.17252713823475224,1330.0
LOCK,5,0.17255289118243666,1233.0
LOCK,5,0.1725163727172261,1107.0
LOCK,5,0.17265967743746444,1896.0
LOCK,5,0.17264209339616976,980.0
LOCK,5,0.1725442774749871,868.0
LOCK,5,0.17248168044017942,759.0
LOCK,5,0.1725804768208635,1447.0
LOCK,5,0.17253844358684073,918.0
LOCK,5,0.1725333283444614,1414.0
LOCK,5,0.17262472263717654,1304.0
LOCK,5,0.1727058566070625,966.0
LOCK,5,0.17252731159947762,1213.0
LOCK,5,0.17257342894485198,949.0
LOCK,5,0.17252489408822955,1223.0
LOCK,5,0.17253440813354445,1495.0
LOCK,5,0.17254870514392562,1068.0
LOCK,5,0.1725150774123649,952.0
LOCK,5,0.1726309390160092,853.0
LOCK,5,0.17256571909678528,969.0
LOCK,5,0.172496130604781,1237.0
LOCK,5,0.17248454896412702,1810.0
LOCK,5,0.17252051495359394,1404.0
LOCK,5,0.1724938887370453,1076.0
LOCK,5,0.17252019464803742,1204.0
LOCK,5,0.17251088260314515,1772.0
LOCK,5,0.17261453138707872,1086.0
LOCK,5,0.17250354041662508,1359.0
LOCK,5,0.17249232717555052,1495.0
LOCK,5,0.1725106755444125,1422.0
LOCK,5,0.17248085332660804,1073.0
LOCK,5,0.17248953613406448,927.0
LOCK,5,0.1725886428416276,1661.0
LOCK,5,0.1724980425682403,1086.0
LOCK,5,0.17250103331674901,1051.0
LOCK,5,0.172541819668677,1249.3600000000004
LOCK,6,0.17249954205606077,1732.0
LOCK,6,0.17248897059009116,1729.0
LOCK,6,0.17249897353510793,2239.0
LOCK,6,0.1725374361822228,1259.0
LOCK,6,0.17250170856187855,1294.0
LOCK,6,0.17258089832294962,1181.0
LOCK,6,0.17259187850725752,1069.0
LOCK,6,0.1725774040695118,1378.0
LOCK,6,0.1725512106652154,1076.0
LOCK,6,0.17255324582605228,2311.0
LOCK,6,0.17253551519927007,1474.0
LOCK,6,0.17249534866443741,1355.0
LOCK,6,0.1725634602324083,1191.0
LOCK,6,0.17256195643118005,1209.0
LOCK,6,0.17250626626318996,1811.0
LOCK,6,0.17249585400016365,894.0
LOCK,6,0.1726446744407913,1606.0
LOCK,6,0.1724844005165295,2011.0
LOCK,6,0.17252227148014776,1852.0
LOCK,6,0.17253106617098624,1683.0
LOCK,6,0.1726688316820121,1065.0
LOCK,6,0.17250250076835966,1391.0
LOCK,6,0.17250672525433144,891.0
LOCK,6,0.17270172639379056,2092.0
LOCK,6,0.17249015068218637,1451.0
LOCK,6,0.17251934545094086,1003.0
LOCK,6,0.17250969112981798,969.0
LOCK,6,0.17253128539850218,1040.0
LOCK,6,0.17263427466042647,1303.0
LOCK,6,0.17258725642304185,1312.0
LOCK,6,0.17251585670968783,1450.0
LOCK,6,0.17263553337994253,991.0
LOCK,6,0.1725013578532399,1821.0
LOCK,6,0.17247318830056316,883.0
LOCK,6,0.17251370374568006,1120.0
LOCK,6,0.1724969995565185,1441.0
LOCK,6,0.17250822036351943,1953.0
LOCK,6,0.1725696950844513,1147.0
LOCK,6,0.1725285965736866,1776.0
LOCK,6,0.17253054057881767,1715.0
LOCK,6,0.17248214163586462,1085.0
LOCK,6,0.1725587713108484,1190.0
LOCK,6,0.17252999219312243,1412.0
LOCK,6,0.17250825862958083,2413.0
LOCK,6,0.1725162247941818,1904.0
LOCK,6,0.1725067313119142,1120.0
LOCK,6,0.1725566541069174,1262.0
LOCK,6,0.17249697962188176,1368.0
LOCK,6,0.17264154523009273,1232.0
LOCK,6,0.17253127112284727,1980.0
LOCK,6,0.17253952263324443,1442.6799999999998
RANDOM,1,0.17293298377467603,140.0
RANDOM,1,0.17290839728057703,137.0
RANDOM,1,0.17272042984594935,1557.0
RANDOM,1,0.172508411615219,2231.0
RANDOM,1,0.1725163312729045,1144.0
RANDOM,1,0.17251250654037115,3293.0
RANDOM,1,0.17264975600529,238.0
RANDOM,1,0.17264768372476189,239.0
RANDOM,1,0.1725343860851276,2977.0
RANDOM,1,0.1725336866902407,978.0
RANDOM,1,0.1724923116477326,1370.0
RANDOM,1,0.17280599645816866,211.0
RANDOM,1,0.1725564850456371,351.0
RANDOM,1,0.1725972650739456,348.0
RANDOM,1,0.17274155452940684,224.0
RANDOM,1,0.17258929510090654,499.0
RANDOM,1,0.17259424638597332,1556.0
RANDOM,1,0.172592118978046,290.0
RANDOM,1,0.17253056152365268,950.0
RANDOM,1,0.17255313036196832,1016.0
RANDOM,1,0.1724750780598251,1425.0
RANDOM,1,0.17256179274753605,1263.0
RANDOM,1,0.17263188204962074,940.0
RANDOM,1,0.1725541703660898,705.0
RANDOM,1,0.1729938194573721,117.0
RANDOM,1,0.17295260144694954,125.0
RANDOM,1,0.17251442455516655,903.0
RANDOM,1,0.17251991760906496,1098.0
RANDOM,1,0.17250932503895694,2265.0
RANDOM,1,0.1725764263932843,1696.0
RANDOM,1,0.17265037439958136,374.0
RANDOM,1,0.1724844934785328,697.0
RANDOM,1,0.17250797115457642,493.0
RANDOM,1,0.17259891434173336,2852.0
RANDOM,1,0.1727423747400316,613.0
RANDOM,1,0.175093138734661,529.0
RANDOM,1,0.17250111951939412,2470.0
RANDOM,1,0.1725123966628688,757.0
RANDOM,1,0.17497867646015872,24.0
RANDOM,1,0.1725235460735068,806.0
RANDOM,1,0.17258598534984784,524.0
RANDOM,1,0.17261153417611594,302.0
RANDOM,1,0.1725382093841206,762.0
RANDOM,1,0.17253382997066696,1322.0
RANDOM,1,0.17759165788259682,5.0
RANDOM,1,0.17249972202695302,1097.0
RANDOM,1,0.17256088352802304,442.0
RANDOM,1,0.17251011402290528,2740.0
RANDOM,1,0.17258660993180633,532.0
RANDOM,1,0.17262831768674794,883.0
RANDOM,1,0.172800936903785,970.2
RANDOM,2,0.17272736240124836,281.0
RANDOM,2,0.17249981759103197,1506.0
RANDOM,2,0.1726871993625123,423.0
RANDOM,2,0.17253039657944105,1685.0
RANDOM,2,0.1725420844270196,1150.0
RANDOM,2,0.17253678300417735,1745.0
RANDOM,2,0.17425420019382817,68.0
RANDOM,2,0.17252626627842707,1790.0
RANDOM,2,0.1725165713256119,752.0
RANDOM,2,0.1725830126865284,490.0
RANDOM,2,0.1724758851411743,1780.0
RANDOM,2,0.17249927189472825,736.0
RANDOM,2,0.17259261557127056,2040.0
RANDOM,2,0.17258274132816148,408.0
RANDOM,2,0.17248312341274585,1899.0
RANDOM,2,0.17265977920684678,460.0
RANDOM,2,0.17260732241065246,776.0
RANDOM,2,0.17261551421901825,420.0
RANDOM,2,0.17270985682766102,323.0
RANDOM,2,0.17270294191879415,442.0
RANDOM,2,0.17256761927302194,1033.0
RANDOM,2,0.17257372362522969,579.0
RANDOM,2,0.172522954959523,1986.0
RANDOM,2,0.1725424014262485,590.0
RANDOM,2,0.17262195358900534,993.0
RANDOM,2,0.17255800630939094,723.0
RANDOM,2,0.17254383201924844,1666.0
RANDOM,2,0.1731652497965843,148.0
RANDOM,2,0.17260798963202298,638.0
RANDOM,2,0.17252240977805672,1510.0
RANDOM,2,0.1725072349686124,926.0
RANDOM,2,0.17248589395532204,1914.0
RANDOM,2,0.1726010795463456,561.0
RANDOM,2,0.17255084621181416,853.0
RANDOM,2,0.17265644476872896,391.0
RANDOM,2,0.17289476959320382,704.0
RANDOM,2,0.17251930434040738,667.0
RANDOM,2,0.1725260339667909,1262.0
RANDOM,2,0.17253710183081258,1574.0
RANDOM,2,0.17250720926683927,885.0
RANDOM,2,0.17252705868005064,1074.0
RANDOM,2,0.17251212912607383,1356.0
RANDOM,2,0.1725396414895225,2044.0
RANDOM,2,0.1725716374692894,490.0
RANDOM,2,0.1725771407688683,1739.0
RANDOM,2,0.17255756609315012,1225.0
RANDOM,2,0.17247427611557678,1658.0
RANDOM,2,0.17271493599201937,270.0
RANDOM,2,0.17255955927585875,822.0
RANDOM,2,0.17250884502379898,950.0
RANDOM,2,0.1726177518934459,1008.1000000000001
RANDOM,3,0.17257773866074688,1690.0
RANDOM,3,0.17250740799442765,1353.0
RANDOM,3,0.17250914998609407,1225.0
RANDOM,3,0.17251351239775314,1351.0
RANDOM,3,0.17253549612568927,1165.0
RANDOM,3,0.172510551061346,1372.0
RANDOM,3,0.17256665054286055,1301.0
RANDOM,3,0.17260159503876407,1413.0
RANDOM,3,0.172479303949993,1233.0
RANDOM,3,0.17251162115703794,1360.0
RANDOM,3,0.17253372879751516,982.0
RANDOM,3,0.17254185342778816,1312.0
RANDOM,3,0.17259559776379593,1346.0
RANDOM,3,0.1725116070339733,1258.0
RANDOM,3,0.1725035270872798,1225.0
RANDOM,3,0.17256521153918253,1142.0
RANDOM,3,0.17268578099554704,650.0
RANDOM,3,0.1725040972883235,1372.0
RANDOM,3,0.17347351431608138,145.0
RANDOM,3,0.1725109054497778,1158.0
RANDOM,3,0.17256179527308324,898.0
RANDOM,3,0.17249431432700998,1267.0
RANDOM,3,0.17249486490458674,1217.0
RANDOM,3,0.17248353306910705,1724.0
RANDOM,3,0.1724968168310336,1285.0
RANDOM,3,0.17255369521409963,1067.0
RANDOM,3,0.17270314566077613,464.0
RANDOM,3,0.17249231531494413,1418.0
RANDOM,3,0.17252657142302738,1218.0
RANDOM,3,0.17257351864590073,1200.0
RANDOM,3,0.17253881957398523,1273.0
RANDOM,3,0.17252490006400178,1424.0
RANDOM,3,0.17261002894203478,1377.0
RANDOM,3,0.17251006862771495,1719.0
RANDOM,3,0.17257047363103387,1232.0
RANDOM,3,0.1725484525781883,1407.0
RANDOM,3,0.17254383841458118,1445.0
RANDOM,3,0.17249894139354768,1104.0
RANDOM,3,0.1725709139061202,1142.0
RANDOM,3,0.1725164349783417,887.0
RANDOM,3,0.1725058376456677,1174.0
RANDOM,3,0.17257210393984074,1221.0
RANDOM,3,0.17255631807392563,1366.0
RANDOM,3,0.1725613196823038,1188.0
RANDOM,3,0.17501664691894314,42.0
RANDOM,3,0.1725623587128443,950.0
RANDOM,3,0.17250313524956556,1261.0
RANDOM,3,0.17254278792037855,961.0
RANDOM,3,0.17251219697410636,1319.0
RANDOM,3,0.17254193428376138,1254.0
RANDOM,3,0.17260853865576864,1191.14
RANDOM,4,0.1725613795381259,1060.0
RANDOM,4,0.17256326676038455,1473.0
RANDOM,4,0.1725338984235798,1012.0
RANDOM,4,0.17252998937176478,997.0
RANDOM,4,0.17256339118118297,1131.0
RANDOM,4,0.17262018187741793,877.0
RANDOM,4,0.1726952969041471,526.0
RANDOM,4,0.17277840498433794,409.0
RANDOM,4,0.17279449226985277,1072.0
RANDOM,4,0.17252402429836947,1071.0
RANDOM,4,0.17257118264748703,924.0
RANDOM,4,0.1726924503455605,1435.0
RANDOM,4,0.17249009518771855,1085.0
RANDOM,4,0.17261686273595606,1022.0
RANDOM,4,0.17259030408221848,952.0
RANDOM,4,0.17255317594843306,985.0
RANDOM,4,0.1725078759428959,1013.0
RANDOM,4,0.17261655668779727,1010.0
RANDOM,4,0.1725085599281868,1034.0
RANDOM,4,0.17261930948841414,1291.0
RANDOM,4,0.17250806587253747,1021.0
RANDOM,4,0.17250380048329117,1039.0
RANDOM,4,0.17260116887905844,1049.0
RANDOM,4,0.17257908591249457,983.0
RANDOM,4,0.17256497458114378,941.0
RANDOM,4,0.1725407539038876,1019.0
RANDOM,4,0.1725317787490032,1043.0
RANDOM,4,0.1725882940588763,957.0
RANDOM,4,0.1724910066282338,1477.0
RANDOM,4,0.1725357292025409,1046.0
RANDOM,4,0.1724977339778607,1035.0
RANDOM,4,0.1725531822877591,970.0
RANDOM,4,0.1725004974671244,1016.0
RANDOM,4,0.17260666058311397,807.0
RANDOM,4,0.1725350096661295,927.0
RANDOM,4,0.17255665031648926,1534.0
RANDOM,4,0.17253538066672958,978.0
RANDOM,4,0.17258316706153481,1053.0
RANDOM,4,0.17257797087327434,1042.0
RANDOM,4,0.17257067126823875,1082.0
RANDOM,4,0.17253522507030045,1009.0
RANDOM,4,0.17254237245603674,986.0
RANDOM,4,0.1725838892699706,1393.0
RANDOM,4,0.17250272494956403,1081.0
RANDOM,4,0.17257116093599606,1083.0
RANDOM,4,0.1725802188936071,880.0
RANDOM,4,0.1725300220085019,1012.0
RANDOM,4,0.17251438613397413,1538.0
RANDOM,4,0.17254658721398178,816.0
RANDOM,4,0.17248516160904362,1051.0
RANDOM,4,0.17256568059168256,1044.9399999999998
RANDOM,5,0.17249432631455228,961.0
RANDOM,5,0.1726963249590021,726.0
RANDOM,5,0.17257867792032885,882.0
RANDOM,5,0.17254741064582,1385.0
RANDOM,5,0.17265455144539016,902.0
RANDOM,5,0.17255668275777575,920.0
RANDOM,5,0.17267427507047578,830.0
RANDOM,5,0.17259680788863827,878.0
RANDOM,5,0.17256728288950396,858.0
RANDOM,5,0.17280334476389295,1099.0
RANDOM,5,0.17251673383268706,1106.0
RANDOM,5,0.1725376218044423,1336.0
RANDOM,5,0.17260205399621434,864.0
RANDOM,5,0.17258986250198663,908.0
RANDOM,5,0.17257686031236263,944.0
RANDOM,5,0.17274889875131313,650.0
RANDOM,5,0.1725726833903018,876.0
RANDOM,5,0.1725601619710227,896.0
RANDOM,5,0.17251577403901222,1450.0
RANDOM,5,0.17258470598286774,963.0
RANDOM,5,0.1725432217943446,989.0
RANDOM,5,0.17272921817509088,944.0
RANDOM,5,0.17252868585971473,966.0
RANDOM,5,0.17255650925341925,597.0
RANDOM,5,0.17252821455886275,1428.0
RANDOM,5,0.1725757926814795,824.0
RANDOM,5,0.17253240459913782,804.0
RANDOM,5,0.1725664270866931,905.0
RANDOM,5,0.17255158446479113,880.0
RANDOM,5,0.1725988350663492,1052.0
RANDOM,5,0.17267124898538339,1365.0
RANDOM,5,0.17253819029266798,1007.0
RANDOM,5,0.1725118993812868,1019.0
RANDOM,5,0.17252198761915277,1052.0
RANDOM,5,0.17256248026101184,849.0
RANDOM,5,0.1726553396609109,880.0
RANDOM,5,0.17257632180604687,1357.0
RANDOM,5,0.172727016658082,1019.0
RANDOM,5,0.17277277340818809,852.0
RANDOM,5,0.17254076965274556,897.0
RANDOM,5,0.17251827135506206,877.0
RANDOM,5,0.17259221002844294,786.0
RANDOM,5,0.17255875844857044,1314.0
RANDOM,5,0.17263058610286344,899.0
RANDOM,5,0.17249981924055344,1030.0
RANDOM,5,0.1725516354386502,859.0
RANDOM,5,0.1725057701969051,910.0
RANDOM,5,0.17255541621719045,1332.0
RANDOM,5,0.17258441174622788,872.0
RANDOM,5,0.17255010229777182,826.0
RANDOM,5,0.17258621887150377,976.5
RANDOM,6,0.1726298817279278,848.0
RANDOM,6,0.17253947253885077,1153.0
RANDOM,6,0.1726510316629161,1481.0
RANDOM,6,0.1725904625900161,835.0
RANDOM,6,0.17287729421325088,754.0
RANDOM,6,0.17259614376865184,876.0
RANDOM,6,0.1726771082506807,739.0
RANDOM,6,0.17257964156270914,826.0
RANDOM,6,0.17269725199068992,892.0
RANDOM,6,0.172660575798934,1190.0
RANDOM,6,0.17254485773287942,797.0
RANDOM,6,0.1725425405987258,1317.0
RANDOM,6,0.17260016566738737,757.0
RANDOM,6,0.17263387122985796,733.0
RANDOM,6,0.17253705935388863,1051.0
RANDOM,6,0.17255206625874772,1115.0
RANDOM,6,0.1725121172818069,1213.0
RANDOM,6,0.1725012630834901,1766.0
RANDOM,6,0.1725609941770338,1042.0
RANDOM,6,0.17257843468199574,1092.0
RANDOM,6,0.1725548618422866,868.0
RANDOM,6,0.17251170164537927,1306.0
RANDOM,6,0.17255058498188594,923.0
RANDOM,6,0.1725806607590949,1215.0
RANDOM,6,0.17255263436799395,1162.0
RANDOM,6,0.17255774321308517,1309.0
RANDOM,6,0.17255485919263486,946.0
RANDOM,6,0.1726336148415273,1115.0
RANDOM,6,0.17252180658481864,849.0
RANDOM,6,0.17257371861086382,1794.0
RANDOM,6,0.1726551138785254,1189.0
RANDOM,6,0.17260764226955547,820.0
RANDOM,6,0.17258309038654365,947.0
RANDOM,6,0.17254941410138427,938.0
RANDOM,6,0.17252085516525015,961.0
RANDOM,6,0.1726217951690386,1177.0
RANDOM,6,0.17255317745375634,935.0
RANDOM,6,0.1726350660888738,737.0
RANDOM,6,0.17257462153982317,803.0
RANDOM,6,0.17255864968826817,1285.0
RANDOM,6,0.17251643549700593,1037.0
RANDOM,6,0.172618182602732,901.0
RANDOM,6,0.17271890663266962,1209.0
RANDOM,6,0.17260137763130928,1779.0
RANDOM,6,0.17271205305446058,975.0
RANDOM,6,0.17252860233247758,973.0
RANDOM,6,0.1726236560356523,749.0
RANDOM,6,0.17253794538464892,1191.0
RANDOM,6,0.1725809896882865,823.0
RANDOM,6,0.17288684192339465,845.0
RANDOM,6,0.1725967767346733,1044.76
REPLICATE,1,0.4985030763054751,408.0
REPLICATE,1,0.4985030763054751,342.0
REPLICATE,1,0.4985030763054751,169.0
REPLICATE,1,0.4985030763054751,337.0
REPLICATE,1,0.4985030763054751,351.0
REPLICATE,1,0.4985030763054751,40.0
REPLICATE,1,0.4985030763054751,2504.0
REPLICATE,1,0.4985030763054751,303.0
REPLICATE,1,0.4985030763054751,108.0
REPLICATE,1,0.4985030763054751,1160.0
REPLICATE,1,0.4985030763054751,801.0
REPLICATE,1,0.4985030763054751,94.0
REPLICATE,1,0.4985030763054751,1397.0
REPLICATE,1,0.4985030763054751,753.0
REPLICATE,1,0.4985030763054751,308.0
REPLICATE,1,0.4985030763054751,265.0
REPLICATE,1,0.4985030763054751,76.0
REPLICATE,1,0.4985030763054751,126.0
REPLICATE,1,0.4985030763054751,653.0
REPLICATE,1,0.4985030763054751,112.0
REPLICATE,1,0.4985030763054751,425.0
REPLICATE,1,0.4985030763054751,907.0
REPLICATE,1,0.4985030763054751,15.0
REPLICATE,1,0.4985030763054751,17.0
REPLICATE,1,0.4985030763054751,2820.0
REPLICATE,1,0.4985030763054751,23.0
REPLICATE,1,0.4985030763054751,875.0
REPLICATE,1,0.4985030763054751,661.0
REPLICATE,1,0.4985030763054751,389.0
REPLICATE,1,0.4985030763054751,2960.0
REPLICATE,1,0.4985030763054751,1237.0
REPLICATE,1,0.4985030763054751,43.0
REPLICATE,1,0.4985030763054751,896.0
REPLICATE,1,0.4985030763054751,36.0
REPLICATE,1,0.4985030763054751,1358.0
REPLICATE,1,0.4985030763054751,1239.0
REPLICATE,1,0.4985030763054751,2444.0
REPLICATE,1,0.4985030763054751,1590.0
REPLICATE,1,0.4985030763054751,268.0
REPLICATE,1,0.4985030763054751,164.0
REPLICATE,1,0.4985030763054751,1402.0
REPLICATE,1,0.4985030763054751,699.0
REPLICATE,1,0.4985030763054751,106.0
REPLICATE,1,0.4985030763054751,206.0
REPLICATE,1,0.4985030763054751,553.0
REPLICATE,1,0.4985030763054751,679.0
REPLICATE,1,0.4985030763054751,399.0
REPLICATE,1,0.4985030763054751,15.0
REPLICATE,1,0.4985030763054751,1372.0
REPLICATE,1,0.4985030763054751,224.0
REPLICATE,1,0.4985030763054754,686.58
REPLICATE,2,0.49850248474375586,771.0
REPLICATE,2,0.49850248474375586,1057.0
REPLICATE,2,0.49850248474375586,969.0
REPLICATE,2,0.49850248474375586,430.0
REPLICATE,2,0.49850248474375586,1627.0
REPLICATE,2,0.49850248474375586,1201.0
REPLICATE,2,0.49850248474375586,929.0
REPLICATE,2,0.49850248474375586,646.0
REPLICATE,2,0.49850248474375586,1573.0
REPLICATE,2,0.49850248474375586,1117.0
REPLICATE,2,0.49850248474375586,1067.0
REPLICATE,2,0.2144765454163645,1639.0
REPLICATE,2,0.49850248474375586,888.0
REPLICATE,2,0.49850248474375586,325.0
REPLICATE,2,0.49850248474375586,274.0
REPLICATE,2,0.21222076782674493,1659.0
REPLICATE,2,0.49850248474375586,865.0
REPLICATE,2,0.17250226493947804,1897.0
REPLICATE,2,0.49850248474375586,988.0
REPLICATE,2,0.49850248474375586,738.0
REPLICATE,2,0.21365055361119667,1771.0
REPLICATE,2,0.49850248474375586,475.0
REPLICATE,2,0.49850248474375586,1507.0
REPLICATE,2,0.49850248474375586,765.0
REPLICATE,2,0.49850248474375586,441.0
REPLICATE,2,0.49850248474375586,425.0
REPLICATE,2,0.49850248474375586,1183.0
REPLICATE,2,0.21181279695956823,1712.0
REPLICATE,2,0.49850248474375586,1270.0
REPLICATE,2,0.49850248474375586,901.0
REPLICATE,2,0.49850248474375586,657.0
REPLICATE,2,0.21232802729324096,1686.0
REPLICATE,2,0.49850248474375586,246.0
REPLICATE,2,0.49850248474375586,1256.0
REPLICATE,2,0.49850248474375586,789.0
REPLICATE,2,0.49850248474375586,666.0
REPLICATE,2,0.49850248474375586,1400.0
REPLICATE,2,0.49850248474375586,382.0
REPLICATE,2,0.49850248474375586,649.0
REPLICATE,2,0.49850248474375586,616.0
REPLICATE,2,0.20973541646791177,1838.0
REPLICATE,2,0.49850248474375586,1640.0
REPLICATE,2,0.49850248474375586,1257.0
REPLICATE,2,0.49850248474375586,1090.0
REPLICATE,2,0.49850248474375586,888.0
REPLICATE,2,0.49850248474375586,1965.0
REPLICATE,2,0.49850248474375586,890.0
REPLICATE,2,0.49850248474375586,423.0
REPLICATE,2,0.49850248474375586,1376.0
REPLICATE,2,0.49850248474375586,1308.0
REPLICATE,2,0.45764666432992046,1042.6399999999999
REPLICATE,3,0.27093276400187993,1249.0
REPLICATE,3,0.2728768687564555,1104.0
REPLICATE,3,0.1839061302552079,1301.0
REPLICATE,3,0.18346753251666487,1318.0
REPLICATE,3,0.26892252511621084,1182.0
REPLICATE,3,0.498502102282903,1103.0
REPLICATE,3,0.498502102282903,604.0
REPLICATE,3,0.498502102282903,919.0
REPLICATE,3,0.498502102282903,564.0
REPLICATE,3,0.1826580918161909,1276.0
REPLICATE,3,0.498502102282903,1013.0
REPLICATE,3,0.266813720299392,1135.0
REPLICATE,3,0.2719537273535625,1219.0
REPLICATE,3,0.18146770705397558,1303.0
REPLICATE,3,0.27170852151006225,1268.0
REPLICATE,3,0.498502102282903,1008.0
REPLICATE,3,0.2667105427637413,1203.0
REPLICATE,3,0.26568819418011314,1680.0
REPLICATE,3,0.498502102282903,708.0
REPLICATE,3,0.18445662094655776,1284.0
REPLICATE,3,0.498502102282903,660.0
REPLICATE,3,0.498502102282903,1076.0
REPLICATE,3,0.18382150838122316,1315.0
REPLICATE,3,0.18240772001210914,1272.0
REPLICATE,3,0.2737169011794261,1264.0
REPLICATE,3,0.18447365517967293,1312.0
REPLICATE,3,0.2675353398106592,1138.0
REPLICATE,3,0.498502102282903,963.0
REPLICATE,3,0.498502102282903,809.0
REPLICATE,3,0.2719199382645078,1173.0
REPLICATE,3,0.2823171050121276,1222.0
REPLICATE,3,0.26563269372566994,1112.0
REPLICATE,3,0.2691642153298375,1168.0
REPLICATE,3,0.498502102282903,785.0
REPLICATE,3,0.498502102282903,494.0
REPLICATE,3,0.2655169885916726,1265.0
REPLICATE,3,0.498502102282903,1137.0
REPLICATE,3,0.498502102282903,464.0
REPLICATE,3,0.2679334298577593,1221.0
REPLICATE,3,0.18247545757129235,1259.0
REPLICATE,3,0.26987722611459325,1119.0
REPLICATE,3,0.498502102282903,660.0
REPLICATE,3,0.26904431569549214,1152.0
REPLICATE,3,0.26999558081024916,1565.0
REPLICATE,3,0.498502102282903,735.0
REPLICATE,3,0.18381561181240133,1285.0
REPLICATE,3,0.2669791677204651,1242.0
REPLICATE,3,0.498502102282903,1186.0
REPLICATE,3,0.498502102282903,974.0
REPLICATE,3,0.17260554925298222,1846.0
REPLICATE,3,0.33744670588534614,1106.2800000000002
REPLICATE,4,0.31177197315109273,868.0
REPLICATE,4,0.4985017710701601,1022.0
REPLICATE,4,0.31225055241376704,943.0
REPLICATE,4,0.20812285370696723,998.0
REPLICATE,4,0.3144530808364131,880.0
REPLICATE,4,0.21128555190941697,1026.0
REPLICATE,4,0.20928898521868733,1036.0
REPLICATE,4,0.2101236482018956,968.0
REPLICATE,4,0.4985017710701601,166.0
REPLICATE,4,0.21313726611271633,1000.0
REPLICATE,4,0.21009411191105784,1518.0
REPLICATE,4,0.17728268977445488,1000.0
REPLICATE,4,0.17808460905621193,1033.0
REPLICATE,4,0.4985017710701601,925.0
REPLICATE,4,0.21004155174694508,973.0
REPLICATE,4,0.4985017710701601,811.0
REPLICATE,4,0.4985017710701601,578.0
REPLICATE,4,0.4985017710701601,922.0
REPLICATE,4,0.3171752938358352,930.0
REPLICATE,4,0.30833568694952707,940.0
REPLICATE,4,0.30724238783490504,1425.0
REPLICATE,4,0.2118426499876596,998.0
REPLICATE,4,0.20929332432062062,981.0
REPLICATE,4,0.20989750537208957,999.0
REPLICATE,4,0.308241241352838,1006.0
REPLICATE,4,0.4985017710701601,677.0
REPLICATE,4,0.4985017710701601,865.0
REPLICATE,4,0.17787372780597727,1030.0
REPLICATE,4,0.3176693077199305,911.0
REPLICATE,4,0.4985017710701601,857.0
REPLICATE,4,0.20834390165570923,1002.0
REPLICATE,4,0.20852357438501756,964.0
REPLICATE,4,0.30731310933137346,996.0
REPLICATE,4,0.31900588577301414,1022.0
REPLICATE,4,0.21442351095855378,978.0
REPLICATE,4,0.17689372765532702,1494.0
REPLICATE,4,0.31931918140954113,949.0
REPLICATE,4,0.3126358891889361,921.0
REPLICATE,4,0.3151053031433511,901.0
REPLICATE,4,0.21450964519282067,986.0
REPLICATE,4,0.31614294904481605,861.0
REPLICATE,4,0.3100353399056626,859.0
REPLICATE,4,0.21003748088604415,1440.0
REPLICATE,4,0.20834341677454854,972.0
REPLICATE,4,0.17818928146994828,1001.0
REPLICATE,4,0.17670549235467783,1018.0
REPLICATE,4,0.30717110075607057,879.0
REPLICATE,4,0.21453924908682936,1432.0
REPLICATE,4,0.1779843881428551,1044.0
REPLICATE,4,0.21091559322268316,981.0
REPLICATE,4,0.2905232391837646,979.7199999999999
REPLICATE,5,0.17457663294180897,1004.0
REPLICATE,5,0.1904037305639079,956.0
REPLICATE,5,0.17487031278646756,1084.0
REPLICATE,5,0.19036147872274112,1349.0
REPLICATE,5,0.19173840209943352,899.0
REPLICATE,5,0.18985658697030142,871.0
REPLICATE,5,0.2395824037891684,949.0
REPLICATE,5,0.1894775288976387,874.0
REPLICATE,5,0.49850126529547256,511.0
REPLICATE,5,0.2413898857702298,842.0
REPLICATE,5,0.34950858144895697,796.0
REPLICATE,5,0.1917837703143886,1309.0
REPLICATE,5,0.17497188561939137,888.0
REPLICATE,5,0.34914137038529836,837.0
REPLICATE,5,0.18992895020788728,806.0
REPLICATE,5,0.24033192065625777,929.0
REPLICATE,5,0.2400759449090319,854.0
REPLICATE,5,0.175473444289197,883.0
REPLICATE,5,0.17257586793220706,1593.0
REPLICATE,5,0.17529344834999494,1071.0
REPLICATE,5,0.34679355106430626,809.0
REPLICATE,5,0.19275515860231457,862.0
REPLICATE,5,0.3520608521087808,848.0
REPLICATE,5,0.34869476032576785,786.0
REPLICATE,5,0.17498899520082842,1390.0
REPLICATE,5,0.2434059793020716,849.0
REPLICATE,5,0.3527579904487975,792.0
REPLICATE,5,0.23971011640787687,894.0
REPLICATE,5,0.19317935152520674,987.0
REPLICATE,5,0.19052713570740878,918.0
REPLICATE,5,0.24620683299531232,1349.0
REPLICATE,5,0.23908485172358812,861.0
REPLICATE,5,0.244230860160604,828.0
REPLICATE,5,0.2457194633075275,923.0
REPLICATE,5,0.34293778624838817,881.0
REPLICATE,5,0.3485734087218047,731.0
REPLICATE,5,0.24460384868213642,1326.0
REPLICATE,5,0.24288892182115263,1028.0
REPLICATE,5,0.23771462359367804,840.0
REPLICATE,5,0.191171293070949,898.0
REPLICATE,5,0.19489430092583934,898.0
REPLICATE,5,0.24327352548565337,880.0
REPLICATE,5,0.237009617202893,1275.0
REPLICATE,5,0.3430431836388126,820.0
REPLICATE,5,0.17466314015693027,1096.0
REPLICATE,5,0.350842904261259,799.0
REPLICATE,5,0.2392990156234193,874.0
REPLICATE,5,0.19155943380873647,1366.0
REPLICATE,5,0.17452172380928718,869.0
REPLICATE,5,0.23738253519076027,831.0
REPLICATE,5,0.24288677146143736,956.2600000000001
REPLICATE,6,0.26297002167910666,754.0
REPLICATE,6,0.18364275549523765,846.0
REPLICATE,6,0.209335209597501,1314.0
REPLICATE,6,0.2113368999977235,1006.0
REPLICATE,6,0.17418012993589457,1032.0
REPLICATE,6,0.207023803868379,1230.0
REPLICATE,6,0.20901134906702354,752.0
REPLICATE,6,0.18313489941814412,940.0
REPLICATE,6,0.3641197901887048,987.0
REPLICATE,6,0.3689743459820927,1201.0
REPLICATE,6,0.21276757623898299,806.0
REPLICATE,6,0.21349620712379724,891.0
REPLICATE,6,0.2086319042105379,919.0
REPLICATE,6,0.18322725293907757,1162.0
REPLICATE,6,0.3649576679664206,945.0
REPLICATE,6,0.3687226782204461,850.0
REPLICATE,6,0.20962522275103376,828.0
REPLICATE,6,0.18315297876325945,1522.0
REPLICATE,6,0.17398274877808723,1127.0
REPLICATE,6,0.2084905353386765,834.0
REPLICATE,6,0.49850047443281303,278.0
REPLICATE,6,0.3639529623224639,704.0
REPLICATE,6,0.2118003876111893,855.0
REPLICATE,6,0.21236006806642968,1320.0
REPLICATE,6,0.18423833508858667,952.0
REPLICATE,6,0.2676381551165818,721.0
REPLICATE,6,0.2755969594603191,791.0
REPLICATE,6,0.1725113637416922,1347.0
REPLICATE,6,0.21178296524477894,827.0
REPLICATE,6,0.17451784384046878,1395.0
REPLICATE,6,0.21000238876896218,800.0
REPLICATE,6,0.172512180213077,1348.0
REPLICATE,6,0.2697205462356626,885.0
REPLICATE,6,0.2715925981720933,746.0
REPLICATE,6,0.2084816652330806,948.0
REPLICATE,6,0.21099089007713084,1253.0
REPLICATE,6,0.21076168790271194,983.0
REPLICATE,6,0.21056512520966375,960.0
REPLICATE,6,0.26699415188644343,735.0
REPLICATE,6,0.364551363609244,1181.0
REPLICATE,6,0.1843977893933034,1146.0
REPLICATE,6,0.20915698309656078,1088.0
REPLICATE,6,0.2726300575998665,723.0
REPLICATE,6,0.27169706578544756,1258.0
REPLICATE,6,0.18411116116489626,1079.0
REPLICATE,6,0.2693864111662519,757.0
REPLICATE,6,0.20721356426171408,1127.0
REPLICATE,6,0.20638505903633775,1381.0
REPLICATE,6,0.1825210695203955,1090.0
REPLICATE,6,0.20989752735597875,1246.0
REPLICATE,6,0.23734505556348548,997.4
SINGLE_THREAD,1,0.17252507184909083,577.0
SINGLE_THREAD,1,0.17270964890396281,1696.0
SINGLE_THREAD,1,0.17250904462174066,743.0
SINGLE_THREAD,1,0.1725414623733508,662.0
SINGLE_THREAD,1,0.17250254351707112,2303.0
SINGLE_THREAD,1,0.1727682037439352,182.0
SINGLE_THREAD,1,0.17259630996363773,310.0
SINGLE_THREAD,1,0.1725352428127029,999.0
SINGLE_THREAD,1,0.17254567320349798,434.0
SINGLE_THREAD,1,0.172539942875357,883.0
SINGLE_THREAD,1,0.1725141662451768,892.0
SINGLE_THREAD,1,0.17298434695048287,159.0
SINGLE_THREAD,1,0.17255349810061849,712.0
SINGLE_THREAD,1,0.1742714846780576,43.0
SINGLE_THREAD,1,0.17271267013080885,305.0
SINGLE_THREAD,1,0.1733447559035449,78.0
SINGLE_THREAD,1,0.17285407151277685,152.0
SINGLE_THREAD,1,0.1725844268848975,1017.0
SINGLE_THREAD,1,0.17264098892396543,277.0
SINGLE_THREAD,1,0.17249849869752798,1508.0
SINGLE_THREAD,1,0.17253636570952446,1667.0
SINGLE_THREAD,1,0.1725397464703882,1131.0
SINGLE_THREAD,1,0.17248414282778368,923.0
SINGLE_THREAD,1,0.17249241154125003,789.0
SINGLE_THREAD,1,0.17253434948245272,344.0
SINGLE_THREAD,1,0.17250682685019872,1485.0
SINGLE_THREAD,1,0.17266793624908439,694.0
SINGLE_THREAD,1,0.17270218599336928,1308.0
SINGLE_THREAD,1,0.17249112425614518,2657.0
SINGLE_THREAD,1,0.17253528730527315,394.0
SINGLE_THREAD,1,0.1741241609608863,50.0
SINGLE_THREAD,1,0.17260719240511596,276.0
SINGLE_THREAD,1,0.17254570922939486,852.0
SINGLE_THREAD,1,0.17275461376163492,166.0
SINGLE_THREAD,1,0.17260337357766686,316.0
SINGLE_THREAD,1,0.17251741822904296,1369.0
SINGLE_THREAD,1,0.17254093388264222,1154.0
SINGLE_THREAD,1,0.17256352297179794,335.0
SINGLE_THREAD,1,0.17269703231584838,275.0
SINGLE_THREAD,1,0.17274098555215253,390.0
SINGLE_THREAD,1,0.17256825255582428,410.0
SINGLE_THREAD,1,0.17253419717927607,951.0
SINGLE_THREAD,1,0.1725509003114521,1791.0
SINGLE_THREAD,1,0.17253833588492898,378.0
SINGLE_THREAD,1,0.1725489782817874,792.0
SINGLE_THREAD,1,0.17287201583261969,980.0
SINGLE_THREAD,1,0.17255812751280145,1511.0
SINGLE_THREAD,1,0.17274394379611632,174.0
SINGLE_THREAD,1,0.172506112013422,914.0
SINGLE_THREAD,1,0.17262287117112024,335.0
SINGLE_THREAD,1,0.17267922212006415,774.8600000000002
SINGLE_THREAD,2,0.17300595552803516,191.0
SINGLE_THREAD,2,0.1725326675054854,1930.0
SINGLE_THREAD,2,0.1750280844549403,157.0
SINGLE_THREAD,2,0.17254179566179723,1844.0
SINGLE_THREAD,2,0.1725817595671696,527.0
SINGLE_THREAD,2,0.1726255784750711,2035.0
SINGLE_THREAD,2,0.17270976835857624,996.0
SINGLE_THREAD,2,0.17319020378548186,279.0
SINGLE_THREAD,2,0.17313009641140492,1618.0
SINGLE_THREAD,2,0.17251836211407934,1820.0
SINGLE_THREAD,2,0.1726059169187083,484.0
SINGLE_THREAD,2,0.17352990597719792,1613.0
SINGLE_THREAD,2,0.17252228475742382,827.0
SINGLE_THREAD,2,0.17265283277263455,415.0
SINGLE_THREAD,2,0.17268710806703902,885.0
SINGLE_THREAD,2,0.17267562140002554,1034.0
SINGLE_THREAD,2,0.1724983372039373,646.0
SINGLE_THREAD,2,0.1724934160212951,1731.0
SINGLE_THREAD,2,0.17259184001541147,272.0
SINGLE_THREAD,2,0.17246730330850432,1247.0
SINGLE_THREAD,2,0.17256352312876053,1678.0
SINGLE_THREAD,2,0.1764248219470186,1487.0
SINGLE_THREAD,2,0.17260170371773118,1858.0
SINGLE_THREAD,2,0.17253090997506512,721.0
SINGLE_THREAD,2,0.17318795244413737,273.0
SINGLE_THREAD,2,0.1725166229918551,1890.0
SINGLE_THREAD,2,0.1730017562099349,508.0
SINGLE_THREAD,2,0.17296256434902285,307.0
SINGLE_THREAD,2,0.173160662713034,1012.0
SINGLE_THREAD,2,0.1726114323681166,1680.0
SINGLE_THREAD,2,0.1724955721251763,1593.0
SINGLE_THREAD,2,0.17265692014025258,1670.0
SINGLE_THREAD,2,0.17250028972839251,1888.0
SINGLE_THREAD,2,0.1728952482362912,223.0
SINGLE_THREAD,2,0.17405089636803184,1392.0
SINGLE_THREAD,2,0.17326576257814374,1171.0
SINGLE_THREAD,2,0.17252337395644907,679.0
SINGLE_THREAD,2,0.1725518546415776,749.0
SINGLE_THREAD,2,0.17250637626343607,1684.0
SINGLE_THREAD,2,0.17256361587768135,1606.0
SINGLE_THREAD,2,0.17262305185922502,1628.0
SINGLE_THREAD,2,0.1727074966204796,1638.0
SINGLE_THREAD,2,0.17556002212251054,181.0
SINGLE_THREAD,2,0.17277554610756754,1636.0
SINGLE_THREAD,2,0.17255405725319675,1401.0
SINGLE_THREAD,2,0.17393284264331874,956.0
SINGLE_THREAD,2,0.17266541998714532,539.0
SINGLE_THREAD,2,0.17254854108919432,994.0
SINGLE_THREAD,2,0.1725329119931942,1778.0
SINGLE_THREAD,2,0.17255397939005265,1397.0
SINGLE_THREAD,2,0.1729322913426042,1135.3600000000001
SINGLE_THREAD,3,0.1725579529260667,1285.0
SINGLE_THREAD,3,0.1725608722743661,1149.0
SINGLE_THREAD,3,0.1742031612466346,924.0
SINGLE_THREAD,3,0.17271040355240538,1105.0
SINGLE_THREAD,3,0.1726731204300064,513.0
SINGLE_THREAD,3,0.1725850086884107,1729.0
SINGLE_THREAD,3,0.1726274027849269,1200.0
SINGLE_THREAD,3,0.17248514824249592,827.0
SINGLE_THREAD,3,0.17249898093173469,738.0
SINGLE_THREAD,3,0.1726067817848552,723.0
SINGLE_THREAD,3,0.172701096052813,710.0
SINGLE_THREAD,3,0.17274963093458565,1247.0
SINGLE_THREAD,3,0.1726016577036386,1163.0
SINGLE_THREAD,3,0.17252269855473126,1319.0
SINGLE_THREAD,3,0.17425172835112007,737.0
SINGLE_THREAD,3,0.17450908028878812,1078.0
SINGLE_THREAD,3,0.172559201463789,849.0
SINGLE_THREAD,3,0.1726409666983215,1729.0
SINGLE_THREAD,3,0.17254007198681456,1263.0
SINGLE_THREAD,3,0.1725144678120307,1205.0
SINGLE_THREAD,3,0.17256025437666678,668.0
SINGLE_THREAD,3,0.17329799603965132,1155.0
SINGLE_THREAD,3,0.17265118139132424,829.0
SINGLE_THREAD,3,0.17251652660478467,1225.0
SINGLE_THREAD,3,0.1726174205512841,1128.0
SINGLE_THREAD,3,0.17253342531509222,1218.0
SINGLE_THREAD,3,0.1726224129497225,1226.0
SINGLE_THREAD,3,0.17252550941269526,1707.0
SINGLE_THREAD,3,0.17278740022598263,1184.0
SINGLE_THREAD,3,0.1731601812421033,1166.0
SINGLE_THREAD,3,0.17464255242539825,1117.0
SINGLE_THREAD,3,0.1725237133055967,1231.0
SINGLE_THREAD,3,0.17255403266113595,1159.0
SINGLE_THREAD,3,0.17252019723218534,1121.0
SINGLE_THREAD,3,0.1725546788593801,1312.0
SINGLE_THREAD,3,0.1725288297504501,1303.0
SINGLE_THREAD,3,0.17260623312195608,1517.0
SINGLE_THREAD,3,0.17276557651649999,1252.0
SINGLE_THREAD,3,0.17274918165223846,983.0
SINGLE_THREAD,3,0.17262631015524588,1043.0
SINGLE_THREAD,3,0.1725255677282826,835.0
SINGLE_THREAD,3,0.17254750153023932,737.0
SINGLE_THREAD,3,0.17261370376931887,649.0
SINGLE_THREAD,3,0.17255503377322304,1044.0
SINGLE_THREAD,3,0.17271621022177036,1122.0
SINGLE_THREAD,3,0.1725085719005356,1101.0
SINGLE_THREAD,3,0.1725922828497805,1309.0
SINGLE_THREAD,3,0.17259982428896398,1166.0
SINGLE_THREAD,3,0.17259591432212482,1195.0
SINGLE_THREAD,3,0.17267846748671464,1192.0
SINGLE_THREAD,3,0.17276752248737762,1107.74
SINGLE_THREAD,4,0.17256435437165432,1046.0
SINGLE_THREAD,4,0.17253009865897917,1510.0
SINGLE_THREAD,4,0.17249973834005108,845.0
SINGLE_THREAD,4,0.1757704046196519,962.0
SINGLE_THREAD,4,0.17253643538420418,1048.0
SINGLE_THREAD,4,0.17277484181945374,863.0
SINGLE_THREAD,4,0.17252579094670242,803.0
SINGLE_THREAD,4,0.17265664990803725,990.0
SINGLE_THREAD,4,0.17260778584875164,1002.0
SINGLE_THREAD,4,0.17254978847630636,1068.0
SINGLE_THREAD,4,0.17257107515267636,1426.0
SINGLE_THREAD,4,0.1725091861955867,835.0
SINGLE_THREAD,4,0.17255360400375888,958.0
SINGLE_THREAD,4,0.17407826225522474,910.0
SINGLE_THREAD,4,0.17329655930044147,982.0
SINGLE_THREAD,4,0.17254531724937486,1033.0
SINGLE_THREAD,4,0.17272700042092903,871.0
SINGLE_THREAD,4,0.17247800225405172,1015.0
SINGLE_THREAD,4,0.17257445283527298,944.0
SINGLE_THREAD,4,0.1736874919885256,486.0
SINGLE_THREAD,4,0.17254160992224865,1429.0
SINGLE_THREAD,4,0.17268559923404345,1004.0
SINGLE_THREAD,4,0.1725058863289663,944.0
SINGLE_THREAD,4,0.17251190357789675,908.0
SINGLE_THREAD,4,0.1725393766899656,1001.0
SINGLE_THREAD,4,0.17261372409499925,1011.0
SINGLE_THREAD,4,0.1725663178615078,1010.0
SINGLE_THREAD,4,0.1726151712688151,1067.0
SINGLE_THREAD,4,0.1725124842512888,984.0
SINGLE_THREAD,4,0.1725027278879023,1238.0
SINGLE_THREAD,4,0.1725857831534586,1010.0
SINGLE_THREAD,4,0.17285227425280772,862.0
SINGLE_THREAD,4,0.1734976916867673,992.0
SINGLE_THREAD,4,0.17255718528484212,910.0
SINGLE_THREAD,4,0.17249624936117017,1004.0
SINGLE_THREAD,4,0.1724979592167831,1364.0
SINGLE_THREAD,4,0.17514344093551734,876.0
SINGLE_THREAD,4,0.17249947274001848,987.0
SINGLE_THREAD,4,0.17265053718147436,1018.0
SINGLE_THREAD,4,0.17258340002624098,776.0
SINGLE_THREAD,4,0.17323623567931376,492.0
SINGLE_THREAD,4,0.17274471723978482,1501.0
SINGLE_THREAD,4,0.1726769335779832,791.0
SINGLE_THREAD,4,0.17252190310326096,909.0
SINGLE_THREAD,4,0.17249269794946387,1002.0
SINGLE_THREAD,4,0.17250955040760071,930.0
SINGLE_THREAD,4,0.17277002559112722,866.0
SINGLE_THREAD,4,0.17249707589538,1484.0
SINGLE_THREAD,4,0.17293030096655915,880.0
SINGLE_THREAD,4,0.17252463148183778,964.0
SINGLE_THREAD,4,0.1727979941375732,996.2200000000001
SINGLE_THREAD,5,0.17260323565998106,849.0
SINGLE_THREAD,5,0.1725377801485874,978.0
SINGLE_THREAD,5,0.1726701243910051,935.0
SINGLE_THREAD,5,0.17256108593036407,1401.0
SINGLE_THREAD,5,0.17248715960237518,1024.0
SINGLE_THREAD,5,0.17396306191185967,756.0
SINGLE_THREAD,5,0.17250868370218744,940.0
SINGLE_THREAD,5,0.17248040732613473,1137.0
SINGLE_THREAD,5,0.1725074954823779,952.0
SINGLE_THREAD,5,0.17259212130280652,949.0
SINGLE_THREAD,5,0.17275171429866398,830.0
SINGLE_THREAD,5,0.1742605161368129,1280.0
SINGLE_THREAD,5,0.17250250909555373,897.0
SINGLE_THREAD,5,0.17251409204190643,911.0
SINGLE_THREAD,5,0.17250267280759501,906.0
SINGLE_THREAD,5,0.17260641406704755,1086.0
SINGLE_THREAD,5,0.17261540468155456,848.0
SINGLE_THREAD,5,0.17253385529289547,820.0
SINGLE_THREAD,5,0.1726625020835339,1273.0
SINGLE_THREAD,5,0.17250924308952653,824.0
SINGLE_THREAD,5,0.17264658299794367,810.0
SINGLE_THREAD,5,0.1725906203059274,876.0
SINGLE_THREAD,5,0.17248326162989921,877.0
SINGLE_THREAD,5,0.17256295177855985,783.0
SINGLE_THREAD,5,0.1726051126223469,797.0
SINGLE_THREAD,5,0.1742544152777065,1314.0
SINGLE_THREAD,5,0.17251509378396784,921.0
SINGLE_THREAD,5,0.17248518216845313,844.0
SINGLE_THREAD,5,0.17253882971055248,984.0
SINGLE_THREAD,5,0.17250670172242924,943.0
SINGLE_THREAD,5,0.17256157123466773,901.0
SINGLE_THREAD,5,0.17441443329840864,1311.0
SINGLE_THREAD,5,0.17377118580502848,806.0
SINGLE_THREAD,5,0.17276265816877695,793.0
SINGLE_THREAD,5,0.1725414545527609,1140.0
SINGLE_THREAD,5,0.1728437022794663,847.0
SINGLE_THREAD,5,0.17251538880880582,820.0
SINGLE_THREAD,5,0.1726096331740428,1411.0
SINGLE_THREAD,5,0.17260786119980218,894.0
SINGLE_THREAD,5,0.17255406934141754,806.0
SINGLE_THREAD,5,0.17253817422535012,856.0
SINGLE_THREAD,5,0.17254895662733985,884.0
SINGLE_THREAD,5,0.1725450263690864,766.0
SINGLE_THREAD,5,0.17252187085768586,1302.0
SINGLE_THREAD,5,0.1725844626362672,911.0
SINGLE_THREAD,5,0.1725382757488565,831.0
SINGLE_THREAD,5,0.172640696423908,733.0
SINGLE_THREAD,5,0.17265918652284173,1416.0
SINGLE_THREAD,5,0.1724981212173988,951.0
SINGLE_THREAD,5,0.17252014229449933,979.0
SINGLE_THREAD,5,0.17272671403673936,962.06
SINGLE_THREAD,6,0.17255774648092456,805.0
SINGLE_THREAD,6,0.17256246565909944,633.0
SINGLE_THREAD,6,0.17255143257895736,1749.0
SINGLE_THREAD,6,0.17253080524742007,1084.0
SINGLE_THREAD,6,0.17261841825976465,842.0
SINGLE_THREAD,6,0.17262548893540788,1097.0
SINGLE_THREAD,6,0.17251950171983363,1040.0
SINGLE_THREAD,6,0.1726924017151128,880.0
SINGLE_THREAD,6,0.17273488438944065,1346.0
SINGLE_THREAD,6,0.1727570895293793,1435.0
SINGLE_THREAD,6,0.17251044526584727,1018.0
SINGLE_THREAD,6,0.17251694145577667,977.0
SINGLE_THREAD,6,0.17256272970946573,830.0
SINGLE_THREAD,6,0.17361550688320013,907.0
SINGLE_THREAD,6,0.1725263135356882,1137.0
SINGLE_THREAD,6,0.17253825143474474,1110.0
SINGLE_THREAD,6,0.1727681560660181,997.0
SINGLE_THREAD,6,0.17376489734239833,1227.0
SINGLE_THREAD,6,0.17348338435110258,764.0
SINGLE_THREAD,6,0.17269691901531173,876.0
SINGLE_THREAD,6,0.1725370614417217,1041.0
SINGLE_THREAD,6,0.17251675666178878,768.0
SINGLE_THREAD,6,0.17312921665384395,824.0
SINGLE_THREAD,6,0.1725322434645794,1683.0
SINGLE_THREAD,6,0.1725096672627091,1272.0
SINGLE_THREAD,6,0.1725023732688075,947.0
SINGLE_THREAD,6,0.17250065528858075,1141.0
SINGLE_THREAD,6,0.17255545761641225,773.0
SINGLE_THREAD,6,0.1725339678335831,771.0
SINGLE_THREAD,6,0.1726171095989776,1464.0
SINGLE_THREAD,6,0.17424626263273923,681.0
SINGLE_THREAD,6,0.1738795838039601,844.0
SINGLE_THREAD,6,0.17259028648392252,770.0
SINGLE_THREAD,6,0.17253702421276282,1115.0
SINGLE_THREAD,6,0.17251698047621658,817.0
SINGLE_THREAD,6,0.17253725508842832,1558.0
SINGLE_THREAD,6,0.17254143183814646,897.0
SINGLE_THREAD,6,0.17302780228461503,951.0
SINGLE_THREAD,6,0.17341651410584447,891.0
SINGLE_THREAD,6,0.17251978476791316,1673.0
SINGLE_THREAD,6,0.17252017872319128,1040.0
SINGLE_THREAD,6,0.17256937028720187,931.0
SINGLE_THREAD,6,0.1725471578702349,1126.0
SINGLE_THREAD,6,0.1732824297182472,1220.0
SINGLE_THREAD,6,0.172491067539535,975.0
SINGLE_THREAD,6,0.1725324365359887,766.0
SINGLE_THREAD,6,0.1745683283374383,795.0
SINGLE_THREAD,6,0.17253157840011182,1649.0
SINGLE_THREAD,6,0.17262702663848536,1083.0
SINGLE_THREAD,6,0.17256377373356743,1059.0
SINGLE_THREAD,6,0.17278229124288894,1045.5800000000002
